Date,Year,Month,Day,Day_of_Week,Total_Parking_Slots,Occupied_Slots,Available_Slots,Occupancy_Rate_Percentage,Total_Bookings,Peak_Hour_Start,Peak_Hour_End,Peak_Hour_Bookings,Revenue_PKR,Operating_Cost_PKR,Maintenance_Cost_PKR,Net_Profit_PKR,Average_Parking_Duration_Hours
2023-01-01,2023,1,1,Sunday,100,94,6,94.0,145,12:00,14:00,52,38763.91,11388.36,9628.63,17746.92,5.44
2023-01-02,2023,1,2,Monday,100,38,62,38.0,70,12:00,14:00,22,13177.3,10075.74,0,3101.56,2.39
2023-01-03,2023,1,3,Tuesday,100,52,48,52.0,71,08:00,10:00,27,16074.89,9792.94,0,6281.95,1.63
2023-01-04,2023,1,4,Wednesday,100,45,55,45.0,101,08:00,10:00,28,16491.06,10858.12,0,5632.94,2.97
2023-01-05,2023,1,5,Thursday,100,36,64,36.0,55,08:00,10:00,19,12956.27,9066.15,2653.61,1236.51,2.74
2023-01-06,2023,1,6,Friday,100,56,44,56.0,100,12:00,14:00,38,24073.79,9901.27,0,14172.52,5.37
2023-01-07,2023,1,7,Saturday,100,56,44,56.0,80,12:00,14:00,31,18161.1,10104.63,4338.34,3718.13,5.72
2023-01-08,2023,1,8,Sunday,100,62,38,62.0,138,17:00,20:00,36,21958.81,11030.14,0,10928.67,3.74
2023-01-09,2023,1,9,Monday,100,41,59,41.0,59,12:00,14:00,23,13625.92,10163.36,0,3462.56,1.43
2023-01-10,2023,1,10,Tuesday,100,41,59,41.0,91,17:00,20:00,26,19040.14,10356.86,0,8683.28,3.35
2023-01-11,2023,1,11,Wednesday,100,49,51,49.0,75,17:00,20:00,29,19425.01,10411.21,0,9013.8,2.64
2023-01-12,2023,1,12,Thursday,100,47,53,47.0,71,12:00,14:00,26,18839.32,9372.82,0,9466.5,1.95
2023-01-13,2023,1,13,Friday,100,51,49,51.0,72,12:00,14:00,26,12912.4,10610.52,0,2301.88,3.05
2023-01-14,2023,1,14,Saturday,100,65,35,65.0,88,17:00,20:00,30,14111.67,10420.64,0,3691.03,2.81
2023-01-15,2023,1,15,Sunday,100,66,34,66.0,106,08:00,10:00,41,23304.74,11414.62,4635.93,7254.19,3.73
2023-01-16,2023,1,16,Monday,100,37,63,37.0,55,12:00,14:00,19,9101.31,10038.77,0,-937.46,3.42
2023-01-17,2023,1,17,Tuesday,100,43,57,43.0,67,17:00,20:00,21,16907.79,10118.98,0,6788.81,5.2
2023-01-18,2023,1,18,Wednesday,100,49,51,49.0,83,08:00,10:00,26,13507.33,10630.5,3141.0,-264.17,4.81
2023-01-19,2023,1,19,Thursday,100,46,54,46.0,79,12:00,14:00,22,14128.65,10528.28,0,3600.37,3.93
2023-01-20,2023,1,20,Friday,100,35,65,35.0,50,17:00,20:00,13,8947.82,9711.72,0,-763.9,2.64
2023-01-21,2023,1,21,Saturday,100,58,42,58.0,93,17:00,20:00,31,24058.97,10882.17,4582.0,8594.8,4.63
2023-01-22,2023,1,22,Sunday,100,78,22,78.0,97,17:00,20:00,32,16534.35,11706.31,0,4828.04,6.22
2023-01-23,2023,1,23,Monday,100,45,55,45.0,94,12:00,14:00,32,24873.99,9685.61,0,15188.38,1.68
2023-01-24,2023,1,24,Tuesday,100,50,50,50.0,102,12:00,14:00,28,18935.03,9868.09,0,9066.94,2.91
2023-01-25,2023,1,25,Wednesday,100,57,43,57.0,73,12:00,14:00,21,11742.15,10684.29,0,1057.86,4.81
2023-01-26,2023,1,26,Thursday,100,44,56,44.0,94,12:00,14:00,26,14938.25,9946.92,0,4991.33,5.13
2023-01-27,2023,1,27,Friday,100,50,50,50.0,96,08:00,10:00,28,16158.54,10286.64,0,5871.9,5.43
2023-01-28,2023,1,28,Saturday,100,65,35,65.0,134,08:00,10:00,42,23684.42,10912.42,5243.0,7529.0,3.8
2023-01-29,2023,1,29,Sunday,100,66,34,66.0,135,17:00,20:00,38,33116.97,10773.45,0,22343.52,4.93
2023-01-30,2023,1,30,Monday,100,43,57,43.0,61,12:00,14:00,18,13116.65,10195.91,2714.27,206.47,5.41
2023-01-31,2023,1,31,Tuesday,100,47,53,47.0,82,12:00,14:00,24,18312.26,9803.17,0,8509.09,3.14
2023-02-01,2023,2,1,Wednesday,100,36,64,36.0,68,17:00,20:00,25,12070.51,10311.45,13936.11,-12177.05,4.18
2023-02-02,2023,2,2,Thursday,100,45,55,45.0,79,12:00,14:00,23,13448.57,10135.69,0,3312.88,3.2
2023-02-03,2023,2,3,Friday,100,38,62,38.0,65,08:00,10:00,24,14477.35,9504.07,0,4973.28,1.86
2023-02-04,2023,2,4,Saturday,100,71,29,71.0,136,12:00,14:00,51,32539.41,10824.95,0,21714.46,6.5
2023-02-05,2023,2,5,Sunday,100,57,43,57.0,92,17:00,20:00,31,21678.87,10725.22,5113.68,5839.97,3.74
2023-02-06,2023,2,6,Monday,100,50,50,50.0,79,12:00,14:00,31,13351.27,9838.12,5800.16,-2287.01,4.99
2023-02-07,2023,2,7,Tuesday,100,40,60,40.0,65,17:00,20:00,22,16693.26,9766.69,3109.25,3817.32,4.84
2023-02-08,2023,2,8,Wednesday,100,43,57,43.0,73,12:00,14:00,21,14259.66,9746.35,0,4513.31,4.57
2023-02-09,2023,2,9,Thursday,100,53,47,53.0,97,12:00,14:00,27,19792.63,10275.63,0,9517.0,2.46
2023-02-10,2023,2,10,Friday,100,53,47,53.0,105,17:00,20:00,41,21291.02,10265.15,3091.74,7934.13,3.31
2023-02-11,2023,2,11,Saturday,100,58,42,58.0,122,17:00,20:00,46,31502.42,10984.49,0,20517.93,2.39
2023-02-12,2023,2,12,Sunday,100,63,37,63.0,106,08:00,10:00,33,19016.1,10800.84,3009.09,5206.17,3.17
2023-02-13,2023,2,13,Monday,100,54,46,54.0,120,08:00,10:00,42,28990.64,10894.68,0,18095.96,3.92
2023-02-14,2023,2,14,Tuesday,100,77,23,77.0,114,17:00,20:00,36,24175.12,12093.31,0,12081.81,5.75
2023-02-15,2023,2,15,Wednesday,100,48,52,48.0,77,12:00,14:00,30,15533.91,9599.32,4788.77,1145.82,2.31
2023-02-16,2023,2,16,Thursday,100,43,57,43.0,78,12:00,14:00,20,16814.07,9535.57,0,7278.5,4.75
2023-02-17,2023,2,17,Friday,100,59,41,59.0,118,17:00,20:00,42,24127.68,11135.65,0,12992.03,5.14
2023-02-18,2023,2,18,Saturday,100,54,46,54.0,101,12:00,14:00,29,26071.08,10378.03,0,15693.05,3.63
2023-02-19,2023,2,19,Sunday,100,77,23,77.0,114,12:00,14:00,42,22458.34,11767.78,0,10690.56,2.88
2023-02-20,2023,2,20,Monday,100,46,54,46.0,85,12:00,14:00,29,17962.5,9777.32,0,8185.18,4.61
2023-02-21,2023,2,21,Tuesday,100,42,58,42.0,72,17:00,20:00,24,14055.74,9786.06,0,4269.68,2.45
2023-02-22,2023,2,22,Wednesday,100,37,63,37.0,52,08:00,10:00,17,12493.57,9654.8,0,2838.77,2.82
2023-02-23,2023,2,23,Thursday,100,44,56,44.0,88,08:00,10:00,23,14169.79,10045.95,0,4123.84,4.61
2023-02-24,2023,2,24,Friday,100,41,59,41.0,67,08:00,10:00,17,17450.75,10013.6,0,7437.15,4.31
2023-02-25,2023,2,25,Saturday,100,71,29,71.0,160,08:00,10:00,46,34596.92,10949.87,0,23647.05,3.95
2023-02-26,2023,2,26,Sunday,100,54,46,54.0,122,12:00,14:00,42,27193.0,10967.54,0,16225.46,3.02
2023-02-27,2023,2,27,Monday,100,47,53,47.0,74,12:00,14:00,26,15311.83,9794.47,0,5517.36,4.83
2023-02-28,2023,2,28,Tuesday,100,56,44,56.0,100,12:00,14:00,39,20338.0,11156.52,0,9181.48,1.43
2023-03-01,2023,3,1,Wednesday,100,59,41,59.0,114,17:00,20:00,36,23575.06,10487.87,8563.09,4524.1,2.03
2023-03-02,2023,3,2,Thursday,100,52,48,52.0,81,08:00,10:00,32,20223.76,11256.93,0,8966.83,3.8
2023-03-03,2023,3,3,Friday,100,57,43,57.0,98,12:00,14:00,29,26076.99,11254.93,0,14822.06,2.77
2023-03-04,2023,3,4,Saturday,100,69,31,69.0,102,17:00,20:00,30,26850.02,10923.85,0,15926.17,3.04
2023-03-05,2023,3,5,Sunday,100,77,23,77.0,147,08:00,10:00,56,30165.37,11240.5,0,18924.87,5.29
2023-03-06,2023,3,6,Monday,100,59,41,59.0,132,12:00,14:00,47,22437.02,10795.31,0,11641.71,1.73
2023-03-07,2023,3,7,Tuesday,100,53,47,53.0,111,08:00,10:00,44,25039.66,10721.66,0,14318.0,5.29
2023-03-08,2023,3,8,Wednesday,100,61,39,61.0,109,08:00,10:00,42,23307.28,11102.1,0,12205.18,3.38
2023-03-09,2023,3,9,Thursday,100,58,42,58.0,72,12:00,14:00,27,16124.93,10707.72,0,5417.21,3.82
2023-03-10,2023,3,10,Friday,100,51,49,51.0,80,08:00,10:00,28,17523.2,11053.27,0,6469.93,5.29
2023-03-11,2023,3,11,Saturday,100,62,38,62.0,135,17:00,20:00,37,35128.43,11299.06,0,23829.37,3.02
2023-03-12,2023,3,12,Sunday,100,76,24,76.0,108,17:00,20:00,43,18112.73,10846.98,0,7265.75,5.7
2023-03-13,2023,3,13,Monday,100,64,36,64.0,97,08:00,10:00,35,23555.64,10671.11,0,12884.53,5.67
2023-03-14,2023,3,14,Tuesday,100,57,43,57.0,74,12:00,14:00,28,15444.45,11537.75,0,3906.7,3.09
2023-03-15,2023,3,15,Wednesday,100,53,47,53.0,90,12:00,14:00,25,15883.31,10116.91,0,5766.4,1.75
2023-03-16,2023,3,16,Thursday,100,53,47,53.0,82,08:00,10:00,30,21104.3,9764.51,0,11339.79,2.8
2023-03-17,2023,3,17,Friday,100,66,34,66.0,111,08:00,10:00,44,27646.5,10654.5,0,16992.0,2.88
2023-03-18,2023,3,18,Saturday,100,84,16,84.0,129,17:00,20:00,46,30617.69,11309.2,5102.96,14205.53,3.43
2023-03-19,2023,3,19,Sunday,100,76,24,76.0,108,12:00,14:00,39,26287.77,11213.33,0,15074.44,3.98
2023-03-20,2023,3,20,Monday,100,50,50,50.0,100,08:00,10:00,29,23683.76,9106.35,0,14577.41,3.31
2023-03-21,2023,3,21,Tuesday,100,56,44,56.0,122,17:00,20:00,48,23049.99,10744.38,0,12305.61,4.96
2023-03-22,2023,3,22,Wednesday,100,54,46,54.0,103,17:00,20:00,31,24845.69,10039.02,0,14806.67,2.67
2023-03-23,2023,3,23,Thursday,100,81,19,81.0,137,17:00,20:00,44,35552.33,11032.64,0,24519.69,5.02
2023-03-24,2023,3,24,Friday,100,61,39,61.0,99,08:00,10:00,39,18862.88,10376.6,3484.05,5002.23,5.19
2023-03-25,2023,3,25,Saturday,100,73,27,73.0,128,17:00,20:00,49,29431.32,11679.28,0,17752.04,3.89
2023-03-26,2023,3,26,Sunday,100,61,39,61.0,131,08:00,10:00,46,28401.29,10416.46,0,17984.83,6.41
2023-03-27,2023,3,27,Monday,100,58,42,58.0,85,12:00,14:00,34,13822.31,11223.85,0,2598.46,2.13
2023-03-28,2023,3,28,Tuesday,100,60,40,60.0,106,08:00,10:00,41,16773.59,10429.64,0,6343.95,2.11
2023-03-29,2023,3,29,Wednesday,100,59,41,59.0,94,12:00,14:00,32,14844.77,10085.01,0,4759.76,3.48
2023-03-30,2023,3,30,Thursday,100,58,42,58.0,75,12:00,14:00,29,12389.75,10706.65,2243.3,-560.2,3.37
2023-03-31,2023,3,31,Friday,100,50,50,50.0,91,17:00,20:00,24,15071.62,9749.18,0,5322.44,4.77
2023-04-01,2023,4,1,Saturday,100,69,31,69.0,113,17:00,20:00,36,27415.45,11591.61,11010.49,4813.35,5.79
2023-04-02,2023,4,2,Sunday,100,65,35,65.0,113,17:00,20:00,34,21470.64,11383.14,0,10087.5,5.51
2023-04-03,2023,4,3,Monday,100,59,41,59.0,117,17:00,20:00,39,25801.74,10655.57,0,15146.17,5.46
2023-04-04,2023,4,4,Tuesday,100,45,55,45.0,66,08:00,10:00,20,11171.98,9136.31,0,2035.67,4.95
2023-04-05,2023,4,5,Wednesday,100,50,50,50.0,97,17:00,20:00,37,25634.86,10320.37,0,15314.49,4.76
2023-04-06,2023,4,6,Thursday,100,57,43,57.0,113,08:00,10:00,34,17828.97,10505.87,0,7323.1,5.48
2023-04-07,2023,4,7,Friday,100,63,37,63.0,107,12:00,14:00,29,20365.02,10879.53,0,9485.49,1.78
2023-04-08,2023,4,8,Saturday,100,68,32,68.0,100,17:00,20:00,32,20536.51,11646.85,0,8889.66,5.42
2023-04-09,2023,4,9,Sunday,100,69,31,69.0,105,12:00,14:00,42,17033.47,11775.02,0,5258.45,3.31
2023-04-10,2023,4,10,Monday,100,67,33,67.0,98,08:00,10:00,35,21019.67,11961.96,3744.88,5312.83,3.6
2023-04-11,2023,4,11,Tuesday,100,62,38,62.0,107,12:00,14:00,37,20129.38,11711.55,0,8417.83,5.47
2023-04-12,2023,4,12,Wednesday,100,59,41,59.0,121,08:00,10:00,41,25759.39,10287.14,0,15472.25,2.03
2023-04-13,2023,4,13,Thursday,100,52,48,52.0,72,12:00,14:00,22,19040.07,10157.82,0,8882.25,4.05
2023-04-14,2023,4,14,Friday,100,58,42,58.0,77,12:00,14:00,25,18712.67,10894.44,5946.13,1872.1,2.62
2023-04-15,2023,4,15,Saturday,100,80,20,80.0,135,12:00,14:00,47,33046.69,11661.39,2227.56,19157.74,5.98
2023-04-16,2023,4,16,Sunday,100,86,14,86.0,183,17:00,20:00,60,37786.08,12632.13,0,25153.95,4.91
2023-04-17,2023,4,17,Monday,100,54,46,54.0,83,08:00,10:00,22,21220.85,10476.89,0,10743.96,4.33
2023-04-18,2023,4,18,Tuesday,100,64,36,64.0,118,08:00,10:00,46,23587.63,11509.82,2263.65,9814.16,2.01
2023-04-19,2023,4,19,Wednesday,100,55,45,55.0,104,12:00,14:00,40,26158.66,10741.52,0,15417.14,4.51
2023-04-20,2023,4,20,Thursday,100,51,49,51.0,114,08:00,10:00,35,27725.75,10702.5,0,17023.25,4.72
2023-04-21,2023,4,21,Friday,100,64,36,64.0,117,08:00,10:00,35,30456.65,11714.43,0,18742.22,3.1
2023-04-22,2023,4,22,Saturday,100,77,23,77.0,152,17:00,20:00,58,24228.65,12073.4,0,12155.25,3.44
2023-04-23,2023,4,23,Sunday,100,72,28,72.0,146,17:00,20:00,37,28689.32,11531.18,0,17158.14,3.12
2023-04-24,2023,4,24,Monday,100,58,42,58.0,129,17:00,20:00,36,29670.76,10604.52,0,19066.24,3.09
2023-04-25,2023,4,25,Tuesday,100,68,32,68.0,135,08:00,10:00,39,30731.59,11597.95,3140.25,15993.39,4.9
2023-04-26,2023,4,26,Wednesday,100,55,45,55.0,90,12:00,14:00,35,16311.86,10407.41,0,5904.45,3.01
2023-04-27,2023,4,27,Thursday,100,55,45,55.0,84,08:00,10:00,22,19772.95,10736.32,0,9036.63,4.44
2023-04-28,2023,4,28,Friday,100,63,37,63.0,113,08:00,10:00,30,21003.35,10844.11,0,10159.24,4.24
2023-04-29,2023,4,29,Saturday,100,75,25,75.0,116,17:00,20:00,40,19240.68,10961.41,0,8279.27,3.37
2023-04-30,2023,4,30,Sunday,100,79,21,79.0,151,12:00,14:00,47,34364.55,12638.91,0,21725.64,5.8
2023-05-01,2023,5,1,Monday,100,84,16,84.0,175,08:00,10:00,54,39562.9,11743.0,12397.8,15422.1,5.18
2023-05-02,2023,5,2,Tuesday,100,54,46,54.0,68,12:00,14:00,25,12236.18,10249.13,0,1987.05,1.35
2023-05-03,2023,5,3,Wednesday,100,56,44,56.0,82,08:00,10:00,23,13491.87,10911.81,0,2580.06,1.62
2023-05-04,2023,5,4,Thursday,100,52,48,52.0,105,08:00,10:00,37,19612.61,10013.15,0,9599.46,3.05
2023-05-05,2023,5,5,Friday,100,59,41,59.0,103,12:00,14:00,30,17033.31,10762.29,0,6271.02,2.78
2023-05-06,2023,5,6,Saturday,100,81,19,81.0,131,17:00,20:00,41,30436.84,11095.15,3098.22,16243.47,6.22
2023-05-07,2023,5,7,Sunday,100,75,25,75.0,140,12:00,14:00,52,32563.14,10431.09,0,22132.05,2.68
2023-05-08,2023,5,8,Monday,100,56,44,56.0,98,17:00,20:00,25,16978.43,10262.85,0,6715.58,3.66
2023-05-09,2023,5,9,Tuesday,100,48,52,48.0,78,08:00,10:00,28,16495.82,10201.98,0,6293.84,2.59
2023-05-10,2023,5,10,Wednesday,100,48,52,48.0,101,08:00,10:00,27,16414.73,10911.95,0,5502.78,4.16
2023-05-11,2023,5,11,Thursday,100,53,47,53.0,77,08:00,10:00,21,18243.79,9901.73,0,8342.06,4.83
2023-05-12,2023,5,12,Friday,100,56,44,56.0,97,12:00,14:00,31,25537.61,11227.24,0,14310.37,4.5
2023-05-13,2023,5,13,Saturday,100,63,37,63.0,127,08:00,10:00,50,28725.91,10717.63,0,18008.28,5.57
2023-05-14,2023,5,14,Sunday,100,79,21,79.0,145,17:00,20:00,37,24446.99,10817.26,0,13629.73,6.71
2023-05-15,2023,5,15,Monday,100,50,50,50.0,68,08:00,10:00,27,12871.65,10721.95,0,2149.7,5.5
2023-05-16,2023,5,16,Tuesday,100,60,40,60.0,123,12:00,14:00,46,26902.35,10546.32,0,16356.03,2.68
2023-05-17,2023,5,17,Wednesday,100,57,43,57.0,112,08:00,10:00,43,24233.64,10356.91,0,13876.73,3.23
2023-05-18,2023,5,18,Thursday,100,57,43,57.0,97,12:00,14:00,27,21603.79,10754.89,2523.06,8325.84,2.39
2023-05-19,2023,5,19,Friday,100,50,50,50.0,84,08:00,10:00,24,13996.11,9964.5,0,4031.61,4.6
2023-05-20,2023,5,20,Saturday,100,82,18,82.0,117,08:00,10:00,47,24718.5,11938.84,0,12779.66,6.53
2023-05-21,2023,5,21,Sunday,100,74,26,74.0,104,12:00,14:00,40,23920.5,11566.93,0,12353.57,5.15
2023-05-22,2023,5,22,Monday,100,55,45,55.0,87,12:00,14:00,24,18812.65,10501.65,0,8311.0,3.98
2023-05-23,2023,5,23,Tuesday,100,67,33,67.0,120,12:00,14:00,36,31284.2,10259.06,0,21025.14,1.64
2023-05-24,2023,5,24,Wednesday,100,53,47,53.0,85,08:00,10:00,33,14826.49,9867.75,4374.9,583.84,3.79
2023-05-25,2023,5,25,Thursday,100,48,52,48.0,86,12:00,14:00,22,16454.35,9852.25,0,6602.1,4.62
2023-05-26,2023,5,26,Friday,100,51,49,51.0,94,17:00,20:00,32,16879.13,9801.13,0,7078.0,2.02
2023-05-27,2023,5,27,Saturday,100,72,28,72.0,154,08:00,10:00,39,29066.27,11076.18,0,17990.09,6.27
2023-05-28,2023,5,28,Sunday,100,73,27,73.0,102,12:00,14:00,30,23582.7,11320.16,0,12262.54,5.27
2023-05-29,2023,5,29,Monday,100,50,50,50.0,87,17:00,20:00,25,18418.67,9814.54,0,8604.13,5.27
2023-05-30,2023,5,30,Tuesday,100,52,48,52.0,83,12:00,14:00,28,21660.54,9783.08,5273.51,6603.95,5.15
2023-05-31,2023,5,31,Wednesday,100,57,43,57.0,85,12:00,14:00,26,17444.54,10651.83,0,6792.71,4.64
2023-06-01,2023,6,1,Thursday,100,65,35,65.0,124,08:00,10:00,43,26653.67,9935.36,12768.34,3949.97,2.3
2023-06-02,2023,6,2,Friday,100,76,24,76.0,107,12:00,14:00,41,22603.07,11751.95,0,10851.12,5.37
2023-06-03,2023,6,3,Saturday,100,85,15,85.0,155,17:00,20:00,61,39604.73,12777.67,0,26827.06,6.25
2023-06-04,2023,6,4,Sunday,100,82,18,82.0,179,12:00,14:00,46,33727.34,12224.5,0,21502.84,4.96
2023-06-05,2023,6,5,Monday,100,46,54,46.0,95,12:00,14:00,26,15847.48,10023.41,0,5824.07,3.04
2023-06-06,2023,6,6,Tuesday,100,57,43,57.0,91,12:00,14:00,31,18335.61,10259.75,0,8075.86,3.49
2023-06-07,2023,6,7,Wednesday,100,61,39,61.0,100,12:00,14:00,29,19362.59,10813.37,0,8549.22,2.03
2023-06-08,2023,6,8,Thursday,100,64,36,64.0,109,12:00,14:00,42,25436.97,10607.12,0,14829.85,2.26
2023-06-09,2023,6,9,Friday,100,67,33,67.0,113,17:00,20:00,35,26639.22,11539.78,0,15099.44,3.69
2023-06-10,2023,6,10,Saturday,100,69,31,69.0,117,17:00,20:00,36,29961.14,11723.95,0,18237.19,2.98
2023-06-11,2023,6,11,Sunday,100,75,25,75.0,111,12:00,14:00,37,18628.34,11493.34,0,7135.0,4.86
2023-06-12,2023,6,12,Monday,100,52,48,52.0,79,08:00,10:00,23,12371.52,9482.69,0,2888.83,5.69
2023-06-13,2023,6,13,Tuesday,100,62,38,62.0,132,08:00,10:00,41,31793.84,11192.48,0,20601.36,3.05
2023-06-14,2023,6,14,Wednesday,100,65,35,65.0,87,17:00,20:00,33,15234.14,10728.72,0,4505.42,4.4
2023-06-15,2023,6,15,Thursday,100,90,10,90.0,119,12:00,14:00,42,29778.43,12636.37,0,17142.06,3.03
2023-06-16,2023,6,16,Friday,100,67,33,67.0,83,12:00,14:00,28,21950.81,11034.8,0,10916.01,4.06
2023-06-17,2023,6,17,Saturday,100,77,23,77.0,150,12:00,14:00,43,27166.49,10534.08,0,16632.41,4.8
2023-06-18,2023,6,18,Sunday,100,69,31,69.0,136,12:00,14:00,52,35949.77,10925.48,0,25024.29,6.4
2023-06-19,2023,6,19,Monday,100,67,33,67.0,109,12:00,14:00,43,28490.48,11267.67,0,17222.81,2.98
2023-06-20,2023,6,20,Tuesday,100,63,37,63.0,101,08:00,10:00,38,17461.94,10011.91,0,7450.03,2.2
2023-06-21,2023,6,21,Wednesday,100,60,40,60.0,116,17:00,20:00,44,19364.17,10276.62,2158.19,6929.36,2.24
2023-06-22,2023,6,22,Thursday,100,63,37,63.0,114,08:00,10:00,32,29111.9,11396.62,0,17715.28,2.16
2023-06-23,2023,6,23,Friday,100,67,33,67.0,102,12:00,14:00,29,26362.64,11113.02,0,15249.62,2.99
2023-06-24,2023,6,24,Saturday,100,70,30,70.0,128,17:00,20:00,46,30640.65,10699.03,0,19941.62,5.55
2023-06-25,2023,6,25,Sunday,100,86,14,86.0,158,17:00,20:00,46,27936.28,12000.22,0,15936.06,4.23
2023-06-26,2023,6,26,Monday,100,61,39,61.0,113,12:00,14:00,36,26696.74,10122.53,0,16574.21,5.41
2023-06-27,2023,6,27,Tuesday,100,67,33,67.0,136,08:00,10:00,51,21664.77,10452.55,0,11212.22,1.45
2023-06-28,2023,6,28,Wednesday,100,54,46,54.0,100,12:00,14:00,34,20931.65,9853.23,4888.77,6189.65,3.63
2023-06-29,2023,6,29,Thursday,100,58,42,58.0,118,12:00,14:00,46,20863.61,10661.95,0,10201.66,5.18
2023-06-30,2023,6,30,Friday,100,59,41,59.0,102,12:00,14:00,34,26975.69,11124.22,0,15851.47,4.18
2023-07-01,2023,7,1,Saturday,100,83,17,83.0,152,08:00,10:00,38,26619.95,11708.35,14263.54,648.06,5.8
2023-07-02,2023,7,2,Sunday,100,80,20,80.0,165,17:00,20:00,48,42546.77,10825.03,0,31721.74,6.1
2023-07-03,2023,7,3,Monday,100,54,46,54.0,110,12:00,14:00,39,21780.46,10099.5,0,11680.96,4.78
2023-07-04,2023,7,4,Tuesday,100,54,46,54.0,105,12:00,14:00,37,17369.62,10441.78,0,6927.84,2.99
2023-07-05,2023,7,5,Wednesday,100,62,38,62.0,90,12:00,14:00,23,17132.72,10337.83,0,6794.89,2.8
2023-07-06,2023,7,6,Thursday,100,55,45,55.0,107,08:00,10:00,31,17458.34,10379.7,3266.71,3811.93,1.76
2023-07-07,2023,7,7,Friday,100,65,35,65.0,106,08:00,10:00,29,18809.21,10938.18,0,7871.03,3.75
2023-07-08,2023,7,8,Saturday,100,69,31,69.0,138,08:00,10:00,43,33429.89,11410.64,0,22019.25,3.17
2023-07-09,2023,7,9,Sunday,100,76,24,76.0,121,12:00,14:00,31,24767.57,11598.32,0,13169.25,5.49
2023-07-10,2023,7,10,Monday,100,52,48,52.0,89,08:00,10:00,22,17946.17,10424.5,0,7521.67,4.52
2023-07-11,2023,7,11,Tuesday,100,70,30,70.0,89,08:00,10:00,35,16030.29,12044.64,0,3985.65,3.98
2023-07-12,2023,7,12,Wednesday,100,70,30,70.0,110,08:00,10:00,40,21933.4,10918.65,0,11014.75,1.6
2023-07-13,2023,7,13,Thursday,100,58,42,58.0,74,12:00,14:00,28,12471.15,10875.83,0,1595.32,2.32
2023-07-14,2023,7,14,Friday,100,55,45,55.0,104,08:00,10:00,41,21676.75,10886.12,2147.06,8643.57,5.15
2023-07-15,2023,7,15,Saturday,100,75,25,75.0,129,17:00,20:00,34,23821.36,10581.17,0,13240.19,4.96
2023-07-16,2023,7,16,Sunday,100,70,30,70.0,157,12:00,14:00,39,28828.64,10832.91,0,17995.73,3.81
2023-07-17,2023,7,17,Monday,100,51,49,51.0,100,08:00,10:00,40,20823.95,11209.58,0,9614.37,2.36
2023-07-18,2023,7,18,Tuesday,100,57,43,57.0,90,12:00,14:00,29,18571.85,10188.69,0,8383.16,2.11
2023-07-19,2023,7,19,Wednesday,100,58,42,58.0,119,17:00,20:00,43,25292.44,10115.0,0,15177.44,4.17
2023-07-20,2023,7,20,Thursday,100,63,37,63.0,111,12:00,14:00,42,22832.74,10263.77,0,12568.97,4.97
2023-07-21,2023,7,21,Friday,100,63,37,63.0,132,08:00,10:00,39,27063.33,10870.09,3554.56,12638.68,3.0
2023-07-22,2023,7,22,Saturday,100,82,18,82.0,143,08:00,10:00,50,35226.97,11715.63,0,23511.34,3.49
2023-07-23,2023,7,23,Sunday,100,82,18,82.0,151,12:00,14:00,41,29786.05,11761.92,0,18024.13,4.31
2023-07-24,2023,7,24,Monday,100,57,43,57.0,90,12:00,14:00,23,17514.31,10458.6,0,7055.71,3.4
2023-07-25,2023,7,25,Tuesday,100,54,46,54.0,108,12:00,14:00,30,23649.77,10337.78,0,13311.99,2.22
2023-07-26,2023,7,26,Wednesday,100,50,50,50.0,102,12:00,14:00,27,17252.69,10199.44,0,7053.25,4.95
2023-07-27,2023,7,27,Thursday,100,56,44,56.0,95,12:00,14:00,33,17627.63,9948.06,0,7679.57,3.85
2023-07-28,2023,7,28,Friday,100,70,30,70.0,106,17:00,20:00,36,20896.63,11418.63,0,9478.0,4.9
2023-07-29,2023,7,29,Saturday,100,81,19,81.0,138,17:00,20:00,38,36375.15,12107.42,0,24267.73,5.65
2023-07-30,2023,7,30,Sunday,100,85,15,85.0,148,08:00,10:00,43,33975.34,11361.07,5045.89,17568.38,5.42
2023-07-31,2023,7,31,Monday,100,52,48,52.0,81,12:00,14:00,26,18531.99,9675.73,0,8856.26,3.3
2023-08-01,2023,8,1,Tuesday,100,52,48,52.0,109,17:00,20:00,29,28653.16,10859.73,9524.81,8268.62,2.79
2023-08-02,2023,8,2,Wednesday,100,61,39,61.0,129,08:00,10:00,43,28078.8,10515.5,0,17563.3,3.92
2023-08-03,2023,8,3,Thursday,100,61,39,61.0,130,08:00,10:00,41,34353.96,11872.33,0,22481.63,1.8
2023-08-04,2023,8,4,Friday,100,64,36,64.0,119,08:00,10:00,36,30266.9,10588.35,0,19678.55,3.65
2023-08-05,2023,8,5,Saturday,100,80,20,80.0,121,08:00,10:00,41,25953.04,10728.54,0,15224.5,5.4
2023-08-06,2023,8,6,Sunday,100,74,26,74.0,103,17:00,20:00,27,20361.49,11393.4,0,8968.09,5.91
2023-08-07,2023,8,7,Monday,100,65,35,65.0,90,12:00,14:00,28,21457.85,10083.34,0,11374.51,2.09
2023-08-08,2023,8,8,Tuesday,100,68,32,68.0,129,08:00,10:00,51,24423.37,11085.46,0,13337.91,4.58
2023-08-09,2023,8,9,Wednesday,100,57,43,57.0,87,17:00,20:00,33,15714.28,9873.84,0,5840.44,3.75
2023-08-10,2023,8,10,Thursday,100,65,35,65.0,123,12:00,14:00,49,32747.46,10696.0,0,22051.46,3.39
2023-08-11,2023,8,11,Friday,100,63,37,63.0,143,08:00,10:00,48,22266.11,11654.1,0,10612.01,3.92
2023-08-12,2023,8,12,Saturday,100,72,28,72.0,139,08:00,10:00,46,30985.2,10764.57,0,20220.63,4.63
2023-08-13,2023,8,13,Sunday,100,71,29,71.0,150,17:00,20:00,39,34958.94,11806.04,0,23152.9,3.01
2023-08-14,2023,8,14,Monday,100,88,12,88.0,166,17:00,20:00,46,29689.47,10823.22,5131.95,13734.3,4.89
2023-08-15,2023,8,15,Tuesday,100,62,38,62.0,126,08:00,10:00,48,30100.76,11155.81,0,18944.95,5.51
2023-08-16,2023,8,16,Wednesday,100,55,45,55.0,93,08:00,10:00,35,16157.76,11129.37,0,5028.39,2.14
2023-08-17,2023,8,17,Thursday,100,58,42,58.0,120,08:00,10:00,38,23580.26,11348.11,0,12232.15,4.17
2023-08-18,2023,8,18,Friday,100,55,45,55.0,94,12:00,14:00,27,15488.88,10631.18,0,4857.7,5.32
2023-08-19,2023,8,19,Saturday,100,80,20,80.0,137,12:00,14:00,52,26432.16,10930.62,0,15501.54,5.83
2023-08-20,2023,8,20,Sunday,100,78,22,78.0,174,17:00,20:00,64,41041.77,12379.03,2931.99,25730.75,4.45
2023-08-21,2023,8,21,Monday,100,67,33,67.0,136,08:00,10:00,47,33978.19,10266.88,0,23711.31,5.3
2023-08-22,2023,8,22,Tuesday,100,63,37,63.0,97,08:00,10:00,28,24257.69,10852.27,0,13405.42,2.01
2023-08-23,2023,8,23,Wednesday,100,67,33,67.0,99,12:00,14:00,31,25997.38,10480.67,0,15516.71,5.32
2023-08-24,2023,8,24,Thursday,100,57,43,57.0,91,17:00,20:00,25,21858.65,9867.94,0,11990.71,3.72
2023-08-25,2023,8,25,Friday,100,64,36,64.0,100,08:00,10:00,27,17553.12,11269.57,0,6283.55,2.01
2023-08-26,2023,8,26,Saturday,100,74,26,74.0,110,08:00,10:00,32,27105.15,12232.64,0,14872.51,3.2
2023-08-27,2023,8,27,Sunday,100,67,33,67.0,98,08:00,10:00,37,25889.38,11154.7,0,14734.68,3.14
2023-08-28,2023,8,28,Monday,100,49,51,49.0,61,17:00,20:00,17,14154.16,10118.34,0,4035.82,1.22
2023-08-29,2023,8,29,Tuesday,100,56,44,56.0,102,17:00,20:00,32,16346.61,10196.01,0,6150.6,3.47
2023-08-30,2023,8,30,Wednesday,100,65,35,65.0,126,12:00,14:00,41,31873.27,10157.04,0,21716.23,5.25
2023-08-31,2023,8,31,Thursday,100,52,48,52.0,104,12:00,14:00,41,25091.83,9726.9,0,15364.93,2.85
2023-09-01,2023,9,1,Friday,100,55,45,55.0,102,08:00,10:00,38,19203.4,10195.56,14817.86,-5810.02,2.21
2023-09-02,2023,9,2,Saturday,100,70,30,70.0,139,17:00,20:00,36,36752.35,11717.5,0,25034.85,2.94
2023-09-03,2023,9,3,Sunday,100,64,36,64.0,118,17:00,20:00,30,27729.79,10782.7,0,16947.09,4.59
2023-09-04,2023,9,4,Monday,100,56,44,56.0,77,12:00,14:00,19,16176.61,10742.93,0,5433.68,4.92
2023-09-05,2023,9,5,Tuesday,100,58,42,58.0,73,12:00,14:00,28,17975.83,11309.68,0,6666.15,3.01
2023-09-06,2023,9,6,Wednesday,100,89,11,89.0,129,08:00,10:00,51,36484.67,12632.63,0,23852.04,6.26
2023-09-07,2023,9,7,Thursday,100,51,49,51.0,94,17:00,20:00,29,22202.65,10433.06,3566.41,8203.18,5.48
2023-09-08,2023,9,8,Friday,100,57,43,57.0,105,17:00,20:00,41,18982.99,11377.56,0,7605.43,3.27
2023-09-09,2023,9,9,Saturday,100,69,31,69.0,156,17:00,20:00,55,36628.71,10546.3,0,26082.41,3.97
2023-09-10,2023,9,10,Sunday,100,73,27,73.0,120,17:00,20:00,47,30512.05,10974.93,0,19537.12,5.62
2023-09-11,2023,9,11,Monday,100,46,54,46.0,65,12:00,14:00,24,10363.37,10067.33,0,296.04,2.31
2023-09-12,2023,9,12,Tuesday,100,68,32,68.0,154,08:00,10:00,61,39110.6,10733.14,2628.42,25749.04,1.57
2023-09-13,2023,9,13,Wednesday,100,56,44,56.0,111,12:00,14:00,40,20447.24,10597.92,0,9849.32,2.23
2023-09-14,2023,9,14,Thursday,100,51,49,51.0,84,12:00,14:00,29,14862.18,9927.03,0,4935.15,2.85
2023-09-15,2023,9,15,Friday,100,49,51,49.0,96,08:00,10:00,32,17048.07,9855.97,0,7192.1,2.63
2023-09-16,2023,9,16,Saturday,100,77,23,77.0,105,17:00,20:00,28,24518.64,11341.28,0,13177.36,5.65
2023-09-17,2023,9,17,Sunday,100,76,24,76.0,131,17:00,20:00,42,33216.0,11169.01,0,22046.99,4.51
2023-09-18,2023,9,18,Monday,100,47,53,47.0,102,08:00,10:00,40,21026.47,9848.69,0,11177.78,3.38
2023-09-19,2023,9,19,Tuesday,100,61,39,61.0,134,12:00,14:00,50,24778.16,11521.67,0,13256.49,3.83
2023-09-20,2023,9,20,Wednesday,100,60,40,60.0,123,08:00,10:00,44,27208.21,10463.75,0,16744.46,4.85
2023-09-21,2023,9,21,Thursday,100,68,32,68.0,119,08:00,10:00,35,25569.12,10682.17,3892.19,10994.76,2.42
2023-09-22,2023,9,22,Friday,100,48,52,48.0,96,12:00,14:00,30,24297.81,9492.92,0,14804.89,1.62
2023-09-23,2023,9,23,Saturday,100,75,25,75.0,113,12:00,14:00,40,19227.01,11146.94,0,8080.07,3.53
2023-09-24,2023,9,24,Sunday,100,66,34,66.0,101,12:00,14:00,38,24260.78,11610.5,0,12650.28,2.44
2023-09-25,2023,9,25,Monday,100,53,47,53.0,101,12:00,14:00,34,17828.91,10140.53,5672.12,2016.26,4.35
2023-09-26,2023,9,26,Tuesday,100,53,47,53.0,102,12:00,14:00,27,16205.1,10751.25,0,5453.85,4.25
2023-09-27,2023,9,27,Wednesday,100,49,51,49.0,83,17:00,20:00,22,13109.65,10590.57,0,2519.08,3.88
2023-09-28,2023,9,28,Thursday,100,53,47,53.0,85,08:00,10:00,31,20354.11,10576.72,0,9777.39,2.07
2023-09-29,2023,9,29,Friday,100,44,56,44.0,78,12:00,14:00,23,19997.53,9994.41,0,10003.12,5.05
2023-09-30,2023,9,30,Saturday,100,71,29,71.0,126,17:00,20:00,47,24976.55,11306.82,3345.13,10324.6,3.74
2023-10-01,2023,10,1,Sunday,100,71,29,71.0,138,17:00,20:00,48,24384.4,11380.97,10828.69,2174.74,3.99
2023-10-02,2023,10,2,Monday,100,56,44,56.0,99,08:00,10:00,38,19992.88,11164.7,0,8828.18,4.39
2023-10-03,2023,10,3,Tuesday,100,56,44,56.0,118,17:00,20:00,41,25064.35,11036.88,0,14027.47,3.25
2023-10-04,2023,10,4,Wednesday,100,54,46,54.0,89,17:00,20:00,35,22836.37,10231.39,0,12604.98,5.25
2023-10-05,2023,10,5,Thursday,100,53,47,53.0,86,17:00,20:00,28,21736.59,11423.56,0,10313.03,2.25
2023-10-06,2023,10,6,Friday,100,52,48,52.0,81,17:00,20:00,22,21532.55,11535.76,0,9996.79,2.22
2023-10-07,2023,10,7,Saturday,100,71,29,71.0,115,17:00,20:00,32,25846.75,10886.22,0,14960.53,4.28
2023-10-08,2023,10,8,Sunday,100,73,27,73.0,133,17:00,20:00,41,34852.62,10700.68,0,24151.94,6.34
2023-10-09,2023,10,9,Monday,100,55,45,55.0,66,08:00,10:00,24,12320.33,10551.85,0,1768.48,2.38
2023-10-10,2023,10,10,Tuesday,100,57,43,57.0,85,12:00,14:00,29,16719.06,10774.53,0,5944.53,5.04
2023-10-11,2023,10,11,Wednesday,100,62,38,62.0,135,08:00,10:00,38,35463.12,10043.43,0,25419.69,4.1
2023-10-12,2023,10,12,Thursday,100,67,33,67.0,105,12:00,14:00,27,28085.02,11676.24,3777.26,12631.52,2.05
2023-10-13,2023,10,13,Friday,100,55,45,55.0,89,12:00,14:00,22,17949.21,10163.3,0,7785.91,4.5
2023-10-14,2023,10,14,Saturday,100,81,19,81.0,119,08:00,10:00,32,21211.54,11061.82,3639.02,6510.7,3.11
2023-10-15,2023,10,15,Sunday,100,60,40,60.0,112,12:00,14:00,32,17474.45,9919.62,5118.1,2436.73,2.64
2023-10-16,2023,10,16,Monday,100,53,47,53.0,89,12:00,14:00,35,16378.36,11129.57,0,5248.79,4.29
2023-10-17,2023,10,17,Tuesday,100,51,49,51.0,78,12:00,14:00,20,19654.97,9757.6,0,9897.37,2.82
2023-10-18,2023,10,18,Wednesday,100,54,46,54.0,82,08:00,10:00,25,17165.88,10324.03,0,6841.85,2.0
2023-10-19,2023,10,19,Thursday,100,54,46,54.0,114,08:00,10:00,36,25243.26,10745.4,0,14497.86,4.21
2023-10-20,2023,10,20,Friday,100,63,37,63.0,115,17:00,20:00,37,24320.18,11163.72,4818.27,8338.19,4.38
2023-10-21,2023,10,21,Saturday,100,74,26,74.0,127,17:00,20:00,45,24639.03,11991.8,0,12647.23,4.68
2023-10-22,2023,10,22,Sunday,100,69,31,69.0,93,17:00,20:00,36,20777.73,11366.95,0,9410.78,5.97
2023-10-23,2023,10,23,Monday,100,61,39,61.0,95,17:00,20:00,24,17339.98,10658.3,0,6681.68,3.62
2023-10-24,2023,10,24,Tuesday,100,59,41,59.0,79,12:00,14:00,27,13384.27,10853.38,0,2530.89,5.35
2023-10-25,2023,10,25,Wednesday,100,47,53,47.0,77,12:00,14:00,25,15084.56,10563.1,0,4521.46,3.68
2023-10-26,2023,10,26,Thursday,100,54,46,54.0,88,08:00,10:00,31,13787.51,10690.94,0,3096.57,3.95
2023-10-27,2023,10,27,Friday,100,58,42,58.0,84,12:00,14:00,30,14300.33,10518.92,0,3781.41,4.67
2023-10-28,2023,10,28,Saturday,100,75,25,75.0,153,08:00,10:00,53,34926.84,11576.66,2538.54,20811.64,4.6
2023-10-29,2023,10,29,Sunday,100,71,29,71.0,152,17:00,20:00,49,32325.14,10308.8,0,22016.34,2.68
2023-10-30,2023,10,30,Monday,100,51,49,51.0,75,17:00,20:00,23,16929.43,9817.98,3811.38,3300.07,2.2
2023-10-31,2023,10,31,Tuesday,100,47,53,47.0,97,08:00,10:00,34,24343.96,10389.24,0,13954.72,4.21
2023-11-01,2023,11,1,Wednesday,100,65,35,65.0,82,12:00,14:00,32,14670.7,10977.84,11362.59,-7669.73,3.29
2023-11-02,2023,11,2,Thursday,100,67,33,67.0,128,17:00,20:00,37,32045.09,11211.47,0,20833.62,1.75
2023-11-03,2023,11,3,Friday,100,69,31,69.0,160,12:00,14:00,44,26022.62,10423.16,0,15599.46,1.84
2023-11-04,2023,11,4,Saturday,100,95,5,95.0,191,17:00,20:00,64,34923.45,12738.88,0,22184.57,4.48
2023-11-05,2023,11,5,Sunday,100,99,1,99.0,153,17:00,20:00,39,28402.12,13398.13,0,15003.99,4.91
2023-11-06,2023,11,6,Monday,100,64,36,64.0,108,12:00,14:00,40,28299.55,10387.85,0,17911.7,4.26
2023-11-07,2023,11,7,Tuesday,100,71,29,71.0,111,08:00,10:00,30,27550.64,11226.32,0,16324.32,3.85
2023-11-08,2023,11,8,Wednesday,100,71,29,71.0,139,08:00,10:00,51,29866.17,10746.92,0,19119.25,1.65
2023-11-09,2023,11,9,Thursday,100,94,6,94.0,167,08:00,10:00,47,34285.09,12067.07,0,22218.02,4.39
2023-11-10,2023,11,10,Friday,100,61,39,61.0,112,08:00,10:00,34,20523.33,11259.02,0,9264.31,3.11
2023-11-11,2023,11,11,Saturday,100,89,11,89.0,134,17:00,20:00,34,28910.65,11684.47,0,17226.18,6.07
2023-11-12,2023,11,12,Sunday,100,91,9,91.0,202,08:00,10:00,79,42986.47,11056.01,0,31930.46,3.74
2023-11-13,2023,11,13,Monday,100,76,24,76.0,151,17:00,20:00,55,34497.33,11984.4,0,22512.93,1.93
2023-11-14,2023,11,14,Tuesday,100,73,27,73.0,113,08:00,10:00,42,29065.86,10997.73,0,18068.13,4.34
2023-11-15,2023,11,15,Wednesday,100,62,38,62.0,114,12:00,14:00,39,26416.56,11735.28,0,14681.28,4.25
2023-11-16,2023,11,16,Thursday,100,67,33,67.0,121,17:00,20:00,31,20869.78,11514.76,0,9355.02,4.78
2023-11-17,2023,11,17,Friday,100,76,24,76.0,167,12:00,14:00,60,33017.52,11356.62,0,21660.9,3.74
2023-11-18,2023,11,18,Saturday,100,82,18,82.0,117,12:00,14:00,42,27670.35,12454.22,0,15216.13,3.25
2023-11-19,2023,11,19,Sunday,100,90,10,90.0,129,17:00,20:00,49,32738.58,12571.99,0,20166.59,5.28
2023-11-20,2023,11,20,Monday,100,70,30,70.0,131,17:00,20:00,40,29998.29,11027.31,0,18970.98,3.39
2023-11-21,2023,11,21,Tuesday,100,66,34,66.0,118,12:00,14:00,36,22531.88,10321.48,4563.35,7647.05,2.82
2023-11-22,2023,11,22,Wednesday,100,64,36,64.0,108,12:00,14:00,34,26134.39,10303.6,0,15830.79,4.84
2023-11-23,2023,11,23,Thursday,100,75,25,75.0,120,17:00,20:00,31,19605.06,11774.37,0,7830.69,4.65
2023-11-24,2023,11,24,Friday,100,70,30,70.0,109,17:00,20:00,36,24823.19,11310.3,2535.53,10977.36,3.25
2023-11-25,2023,11,25,Saturday,100,99,1,99.0,132,12:00,14:00,52,40431.11,13076.57,0,27354.54,6.93
2023-11-26,2023,11,26,Sunday,100,80,20,80.0,146,12:00,14:00,44,26327.31,10840.06,0,15487.25,4.64
2023-11-27,2023,11,27,Monday,100,72,28,72.0,148,17:00,20:00,38,33386.01,11754.35,0,21631.66,2.37
2023-11-28,2023,11,28,Tuesday,100,66,34,66.0,124,08:00,10:00,43,30762.5,11108.67,0,19653.83,4.57
2023-11-29,2023,11,29,Wednesday,100,64,36,64.0,142,08:00,10:00,54,28786.25,10865.68,0,17920.57,3.12
2023-11-30,2023,11,30,Thursday,100,69,31,69.0,102,17:00,20:00,37,21485.88,11006.32,2974.68,7504.88,2.49
2023-12-01,2023,12,1,Friday,100,97,3,97.0,169,17:00,20:00,46,34110.97,11741.26,8130.34,14239.37,5.32
2023-12-02,2023,12,2,Saturday,100,85,15,85.0,114,12:00,14:00,45,28757.46,11956.44,0,16801.02,4.68
2023-12-03,2023,12,3,Sunday,100,84,16,84.0,161,17:00,20:00,55,26263.6,11525.02,0,14738.58,5.28
2023-12-04,2023,12,4,Monday,100,74,26,74.0,102,17:00,20:00,35,26015.67,12070.48,0,13945.19,3.9
2023-12-05,2023,12,5,Tuesday,100,84,16,84.0,161,12:00,14:00,50,40725.35,11979.36,0,28745.99,2.77
2023-12-06,2023,12,6,Wednesday,100,74,26,74.0,142,12:00,14:00,45,26264.29,12287.2,0,13977.09,3.34
2023-12-07,2023,12,7,Thursday,100,74,26,74.0,156,12:00,14:00,42,24454.5,11493.41,0,12961.09,3.46
2023-12-08,2023,12,8,Friday,100,66,34,66.0,116,12:00,14:00,40,30766.97,10216.1,0,20550.87,2.86
2023-12-09,2023,12,9,Saturday,100,84,16,84.0,131,12:00,14:00,47,31427.36,12043.11,0,19384.25,5.97
2023-12-10,2023,12,10,Sunday,100,94,6,94.0,192,17:00,20:00,66,44044.25,11665.38,3886.67,28492.2,4.49
2023-12-11,2023,12,11,Monday,100,74,26,74.0,123,12:00,14:00,44,31841.7,11385.78,0,20455.92,6.03
2023-12-12,2023,12,12,Tuesday,100,74,26,74.0,119,08:00,10:00,41,29113.33,10346.78,0,18766.55,3.75
2023-12-13,2023,12,13,Wednesday,100,67,33,67.0,122,17:00,20:00,32,22726.41,11076.13,0,11650.28,4.56
2023-12-14,2023,12,14,Thursday,100,72,28,72.0,113,17:00,20:00,44,22338.32,10763.29,0,11575.03,3.68
2023-12-15,2023,12,15,Friday,100,70,30,70.0,103,08:00,10:00,30,27133.13,12180.65,0,14952.48,2.11
2023-12-16,2023,12,16,Saturday,100,83,17,83.0,146,12:00,14:00,44,35416.12,12615.91,0,22800.21,2.51
2023-12-17,2023,12,17,Sunday,100,75,25,75.0,131,12:00,14:00,39,34289.14,10751.48,0,23537.66,3.9
2023-12-18,2023,12,18,Monday,100,70,30,70.0,121,08:00,10:00,36,21900.23,10689.18,0,11211.05,2.8
2023-12-19,2023,12,19,Tuesday,100,73,27,73.0,160,08:00,10:00,45,29294.74,11311.36,0,17983.38,5.74
2023-12-20,2023,12,20,Wednesday,100,69,31,69.0,143,17:00,20:00,54,27993.27,11941.96,0,16051.31,3.2
2023-12-21,2023,12,21,Thursday,100,83,17,83.0,128,08:00,10:00,43,21090.78,11356.09,0,9734.69,4.85
2023-12-22,2023,12,22,Friday,100,71,29,71.0,95,12:00,14:00,28,15241.0,11252.94,0,3988.06,2.42
2023-12-23,2023,12,23,Saturday,100,88,12,88.0,194,12:00,14:00,54,39109.1,12203.03,0,26906.07,3.45
2023-12-24,2023,12,24,Sunday,100,93,7,93.0,145,08:00,10:00,42,26536.47,12425.26,0,14111.21,4.99
2023-12-25,2023,12,25,Monday,100,99,1,99.0,141,17:00,20:00,49,34857.68,12424.88,3593.61,18839.19,5.36
2023-12-26,2023,12,26,Tuesday,100,80,20,80.0,142,12:00,14:00,45,27369.47,11907.26,0,15462.21,3.05
2023-12-27,2023,12,27,Wednesday,100,65,35,65.0,126,12:00,14:00,44,27328.37,10482.03,0,16846.34,3.61
2023-12-28,2023,12,28,Thursday,100,77,23,77.0,135,17:00,20:00,51,30879.12,11111.99,0,19767.13,1.62
2023-12-29,2023,12,29,Friday,100,67,33,67.0,130,12:00,14:00,44,26107.34,11853.12,0,14254.22,5.18
2023-12-30,2023,12,30,Saturday,100,85,15,85.0,114,17:00,20:00,40,29990.0,11180.87,5747.17,13061.96,4.51
2023-12-31,2023,12,31,Sunday,100,99,1,99.0,178,17:00,20:00,47,45473.23,13142.82,0,32330.41,4.27
2024-01-01,2024,1,1,Monday,100,79,21,79.0,160,08:00,10:00,56,45825.7,11886.88,11839.82,22099.0,2.48
2024-01-02,2024,1,2,Tuesday,100,58,42,58.0,104,12:00,14:00,38,26276.84,10130.17,0,16146.67,3.52
2024-01-03,2024,1,3,Wednesday,100,53,47,53.0,81,08:00,10:00,24,12877.33,10566.0,0,2311.33,4.53
2024-01-04,2024,1,4,Thursday,100,41,59,41.0,65,12:00,14:00,24,14575.25,10118.1,0,4457.15,3.65
2024-01-05,2024,1,5,Friday,100,56,44,56.0,99,08:00,10:00,29,19990.1,11276.07,0,8714.03,2.3
2024-01-06,2024,1,6,Saturday,100,65,35,65.0,95,08:00,10:00,25,16247.93,10421.48,2751.16,3075.29,2.71
2024-01-07,2024,1,7,Sunday,100,76,24,76.0,113,08:00,10:00,33,26834.71,11218.35,0,15616.36,4.46
2024-01-08,2024,1,8,Monday,100,53,47,53.0,81,12:00,14:00,21,13567.25,9978.85,0,3588.4,3.68
2024-01-09,2024,1,9,Tuesday,100,55,45,55.0,121,17:00,20:00,32,28909.87,10313.78,0,18596.09,2.47
2024-01-10,2024,1,10,Wednesday,100,51,49,51.0,95,08:00,10:00,29,25036.91,9879.2,0,15157.71,3.09
2024-01-11,2024,1,11,Thursday,100,51,49,51.0,83,17:00,20:00,32,14886.72,10348.63,0,4538.09,4.0
2024-01-12,2024,1,12,Friday,100,47,53,47.0,104,12:00,14:00,37,23902.36,10372.38,0,13529.98,4.33
2024-01-13,2024,1,13,Saturday,100,88,12,88.0,157,08:00,10:00,54,36853.48,11393.64,0,25459.84,6.37
2024-01-14,2024,1,14,Sunday,100,71,29,71.0,100,17:00,20:00,30,17496.69,10942.52,3960.37,2593.8,4.86
2024-01-15,2024,1,15,Monday,100,46,54,46.0,78,17:00,20:00,27,19503.24,9571.43,0,9931.81,3.14
2024-01-16,2024,1,16,Tuesday,100,60,40,60.0,99,08:00,10:00,25,24986.8,10306.89,0,14679.91,4.34
2024-01-17,2024,1,17,Wednesday,100,54,46,54.0,114,08:00,10:00,33,22792.67,9945.33,0,12847.34,2.14
2024-01-18,2024,1,18,Thursday,100,54,46,54.0,80,08:00,10:00,28,16036.86,10483.62,0,5553.24,3.87
2024-01-19,2024,1,19,Friday,100,63,37,63.0,99,12:00,14:00,38,16577.98,9620.04,0,6957.94,4.54
2024-01-20,2024,1,20,Saturday,100,70,30,70.0,128,17:00,20:00,46,31547.34,10614.7,4126.64,16806.0,3.24
2024-01-21,2024,1,21,Sunday,100,65,35,65.0,120,08:00,10:00,43,24048.45,10896.63,3708.3,9443.52,3.18
2024-01-22,2024,1,22,Monday,100,53,47,53.0,87,12:00,14:00,29,19561.53,9843.36,0,9718.17,2.83
2024-01-23,2024,1,23,Tuesday,100,43,57,43.0,61,08:00,10:00,20,12176.3,9935.46,0,2240.84,1.75
2024-01-24,2024,1,24,Wednesday,100,56,44,56.0,75,08:00,10:00,29,12138.08,9996.16,0,2141.92,5.26
2024-01-25,2024,1,25,Thursday,100,57,43,57.0,100,12:00,14:00,26,20582.35,10472.02,0,10110.33,4.6
2024-01-26,2024,1,26,Friday,100,56,44,56.0,122,12:00,14:00,44,29456.55,10739.14,0,18717.41,3.52
2024-01-27,2024,1,27,Saturday,100,66,34,66.0,128,08:00,10:00,33,30743.04,10866.22,0,19876.82,5.79
2024-01-28,2024,1,28,Sunday,100,77,23,77.0,135,17:00,20:00,35,28825.2,11349.53,0,17475.67,3.11
2024-01-29,2024,1,29,Monday,100,50,50,50.0,80,12:00,14:00,26,14455.78,10228.31,0,4227.47,4.57
2024-01-30,2024,1,30,Tuesday,100,47,53,47.0,77,12:00,14:00,27,18538.64,9522.21,0,9016.43,4.2
2024-01-31,2024,1,31,Wednesday,100,51,49,51.0,66,12:00,14:00,20,17049.23,10223.99,0,6825.24,3.01
2024-02-01,2024,2,1,Thursday,100,45,55,45.0,58,08:00,10:00,22,14378.14,10165.86,10616.75,-6404.47,4.43
2024-02-02,2024,2,2,Friday,100,53,47,53.0,70,17:00,20:00,27,17917.66,9819.16,0,8098.5,3.25
2024-02-03,2024,2,3,Saturday,100,64,36,64.0,103,17:00,20:00,37,22459.03,11359.37,0,11099.66,4.41
2024-02-04,2024,2,4,Sunday,100,68,32,68.0,98,12:00,14:00,36,21930.93,11567.68,0,10363.25,5.17
2024-02-05,2024,2,5,Monday,100,56,44,56.0,76,08:00,10:00,29,15463.41,10366.86,0,5096.55,4.34
2024-02-06,2024,2,6,Tuesday,100,47,53,47.0,82,12:00,14:00,32,12951.22,9992.28,0,2958.94,1.83
2024-02-07,2024,2,7,Wednesday,100,49,51,49.0,73,17:00,20:00,29,13578.57,8952.19,0,4626.38,6.15
2024-02-08,2024,2,8,Thursday,100,55,45,55.0,87,08:00,10:00,24,20675.52,10989.21,0,9686.31,2.13
2024-02-09,2024,2,9,Friday,100,60,40,60.0,138,08:00,10:00,46,24376.78,10934.7,0,13442.08,3.69
2024-02-10,2024,2,10,Saturday,100,80,20,80.0,128,17:00,20:00,47,29396.06,11389.97,0,18006.09,3.13
2024-02-11,2024,2,11,Sunday,100,64,36,64.0,134,17:00,20:00,51,26899.19,11388.55,0,15510.64,3.34
2024-02-12,2024,2,12,Monday,100,52,48,52.0,74,12:00,14:00,25,13894.67,10111.26,2317.9,1465.51,5.07
2024-02-13,2024,2,13,Tuesday,100,59,41,59.0,109,12:00,14:00,30,21663.35,10303.94,0,11359.41,5.51
2024-02-14,2024,2,14,Wednesday,100,85,15,85.0,161,12:00,14:00,45,32627.01,11382.33,0,21244.68,5.24
2024-02-15,2024,2,15,Thursday,100,42,58,42.0,81,17:00,20:00,29,16273.99,9531.82,0,6742.17,4.55
2024-02-16,2024,2,16,Friday,100,44,56,44.0,89,08:00,10:00,36,18901.95,9848.97,0,9052.98,5.22
2024-02-17,2024,2,17,Saturday,100,71,29,71.0,154,17:00,20:00,45,26634.61,11550.93,0,15083.68,5.22
2024-02-18,2024,2,18,Sunday,100,60,40,60.0,87,17:00,20:00,34,20248.64,10416.82,0,9831.82,6.14
2024-02-19,2024,2,19,Monday,100,61,39,61.0,78,08:00,10:00,27,18362.44,11424.15,0,6938.29,3.21
2024-02-20,2024,2,20,Tuesday,100,45,55,45.0,90,12:00,14:00,35,17728.81,10596.39,0,7132.42,4.75
2024-02-21,2024,2,21,Wednesday,100,53,47,53.0,108,08:00,10:00,32,25654.84,10431.81,0,15223.03,2.1
2024-02-22,2024,2,22,Thursday,100,51,49,51.0,88,12:00,14:00,33,19669.45,9828.51,0,9840.94,1.54
2024-02-23,2024,2,23,Friday,100,47,53,47.0,82,12:00,14:00,27,20135.87,9737.5,0,10398.37,4.1
2024-02-24,2024,2,24,Saturday,100,72,28,72.0,150,08:00,10:00,47,26355.83,11255.06,0,15100.77,2.83
2024-02-25,2024,2,25,Sunday,100,61,39,61.0,132,08:00,10:00,39,25801.44,9877.06,0,15924.38,4.55
2024-02-26,2024,2,26,Monday,100,60,40,60.0,103,12:00,14:00,29,18322.99,11150.65,0,7172.34,3.39
2024-02-27,2024,2,27,Tuesday,100,46,54,46.0,90,08:00,10:00,31,17170.41,10429.4,0,6741.01,3.61
2024-02-28,2024,2,28,Wednesday,100,50,50,50.0,96,17:00,20:00,27,17935.3,9345.67,5392.28,3197.35,4.82
2024-02-29,2024,2,29,Thursday,100,57,43,57.0,91,12:00,14:00,31,14299.36,10380.35,0,3919.01,3.45
2024-03-01,2024,3,1,Friday,100,61,39,61.0,95,08:00,10:00,32,25126.46,10712.57,14413.14,0.75,4.1
2024-03-02,2024,3,2,Saturday,100,75,25,75.0,135,17:00,20:00,45,26237.97,11219.4,0,15018.57,4.19
2024-03-03,2024,3,3,Sunday,100,76,24,76.0,94,17:00,20:00,28,24604.72,11100.69,0,13504.03,6.9
2024-03-04,2024,3,4,Monday,100,53,47,53.0,89,08:00,10:00,30,22517.19,10572.59,0,11944.6,1.92
2024-03-05,2024,3,5,Tuesday,100,65,35,65.0,130,08:00,10:00,43,22692.95,10362.82,0,12330.13,1.73
2024-03-06,2024,3,6,Wednesday,100,54,46,54.0,80,17:00,20:00,29,17333.08,10430.97,0,6902.11,3.8
2024-03-07,2024,3,7,Thursday,100,67,33,67.0,121,12:00,14:00,40,19177.97,11159.42,0,8018.55,4.99
2024-03-08,2024,3,8,Friday,100,69,31,69.0,141,08:00,10:00,51,31711.93,10607.54,0,21104.39,4.54
2024-03-09,2024,3,9,Saturday,100,79,21,79.0,114,17:00,20:00,38,19315.8,11538.21,0,7777.59,5.51
2024-03-10,2024,3,10,Sunday,100,81,19,81.0,174,17:00,20:00,45,27815.09,10821.98,0,16993.11,3.3
2024-03-11,2024,3,11,Monday,100,54,46,54.0,107,12:00,14:00,37,20468.42,10483.24,0,9985.18,3.45
2024-03-12,2024,3,12,Tuesday,100,70,30,70.0,140,08:00,10:00,42,31859.63,11266.86,0,20592.77,2.48
2024-03-13,2024,3,13,Wednesday,100,59,41,59.0,128,08:00,10:00,49,24445.98,10401.96,0,14044.02,2.85
2024-03-14,2024,3,14,Thursday,100,56,44,56.0,104,12:00,14:00,37,17489.88,9932.16,3653.77,3903.95,4.3
2024-03-15,2024,3,15,Friday,100,46,54,46.0,72,08:00,10:00,27,16101.03,10097.96,2692.34,3310.73,3.81
2024-03-16,2024,3,16,Saturday,100,78,22,78.0,152,08:00,10:00,52,28917.64,11315.38,0,17602.26,3.22
2024-03-17,2024,3,17,Sunday,100,83,17,83.0,128,12:00,14:00,45,21613.4,12728.02,0,8885.38,5.28
2024-03-18,2024,3,18,Monday,100,57,43,57.0,84,12:00,14:00,27,15306.41,10461.19,4871.16,-25.94,4.73
2024-03-19,2024,3,19,Tuesday,100,69,31,69.0,127,12:00,14:00,48,31541.64,11670.56,0,19871.08,4.78
2024-03-20,2024,3,20,Wednesday,100,53,47,53.0,118,08:00,10:00,42,23359.63,9983.74,0,13375.89,2.45
2024-03-21,2024,3,21,Thursday,100,66,34,66.0,141,08:00,10:00,44,26555.39,10908.33,0,15647.06,4.42
2024-03-22,2024,3,22,Friday,100,55,45,55.0,121,08:00,10:00,42,24300.61,10542.47,0,13758.14,3.12
2024-03-23,2024,3,23,Saturday,100,99,1,99.0,167,12:00,14:00,52,30101.69,12856.2,0,17245.49,5.07
2024-03-24,2024,3,24,Sunday,100,81,19,81.0,141,12:00,14:00,48,36759.95,11431.87,3859.75,21468.33,2.71
2024-03-25,2024,3,25,Monday,100,63,37,63.0,107,12:00,14:00,42,17752.48,11172.8,0,6579.68,3.73
2024-03-26,2024,3,26,Tuesday,100,68,32,68.0,144,12:00,14:00,43,28199.58,11009.74,0,17189.84,4.9
2024-03-27,2024,3,27,Wednesday,100,60,40,60.0,75,12:00,14:00,21,12571.82,10895.51,0,1676.31,1.83
2024-03-28,2024,3,28,Thursday,100,70,30,70.0,111,12:00,14:00,32,20710.73,11710.72,3786.61,5213.4,4.47
2024-03-29,2024,3,29,Friday,100,60,40,60.0,112,12:00,14:00,42,21539.34,10432.94,0,11106.4,4.44
2024-03-30,2024,3,30,Saturday,100,74,26,74.0,143,17:00,20:00,39,31566.19,10620.26,2670.4,18275.53,4.65
2024-03-31,2024,3,31,Sunday,100,76,24,76.0,158,17:00,20:00,49,36823.95,10912.41,0,25911.54,3.99
2024-04-01,2024,4,1,Monday,100,58,42,58.0,131,08:00,10:00,43,25555.42,10600.0,9869.61,5085.81,1.7
2024-04-02,2024,4,2,Tuesday,100,58,42,58.0,112,12:00,14:00,40,24596.22,10352.14,0,14244.08,1.37
2024-04-03,2024,4,3,Wednesday,100,63,37,63.0,105,12:00,14:00,37,20633.85,10929.88,0,9703.97,5.34
2024-04-04,2024,4,4,Thursday,100,55,45,55.0,111,12:00,14:00,40,18884.65,9710.79,0,9173.86,4.18
2024-04-05,2024,4,5,Friday,100,62,38,62.0,93,08:00,10:00,32,15417.35,11459.99,0,3957.36,4.12
2024-04-06,2024,4,6,Saturday,100,77,23,77.0,108,17:00,20:00,33,20800.31,12136.88,5917.69,2745.74,3.62
2024-04-07,2024,4,7,Sunday,100,72,28,72.0,105,17:00,20:00,33,23470.86,11151.36,0,12319.5,4.87
2024-04-08,2024,4,8,Monday,100,61,39,61.0,134,08:00,10:00,46,34622.64,10259.29,0,24363.35,0.9
2024-04-09,2024,4,9,Tuesday,100,58,42,58.0,92,12:00,14:00,33,22512.69,9949.02,0,12563.67,2.29
2024-04-10,2024,4,10,Wednesday,100,43,57,43.0,65,08:00,10:00,17,17417.43,9984.58,0,7432.85,4.32
2024-04-11,2024,4,11,Thursday,100,60,40,60.0,111,17:00,20:00,39,20943.05,10098.28,0,10844.77,2.93
2024-04-12,2024,4,12,Friday,100,62,38,62.0,83,17:00,20:00,24,16839.5,10191.17,5866.3,782.03,1.57
2024-04-13,2024,4,13,Saturday,100,76,24,76.0,152,12:00,14:00,43,34618.67,12343.98,0,22274.69,4.55
2024-04-14,2024,4,14,Sunday,100,80,20,80.0,114,17:00,20:00,37,29277.61,12047.9,0,17229.71,6.25
2024-04-15,2024,4,15,Monday,100,62,38,62.0,113,17:00,20:00,29,27656.71,10826.8,3704.85,13125.06,4.67
2024-04-16,2024,4,16,Tuesday,100,70,30,70.0,111,17:00,20:00,37,19296.64,11596.26,0,7700.38,1.35
2024-04-17,2024,4,17,Wednesday,100,59,41,59.0,94,08:00,10:00,26,17331.65,10330.61,0,7001.04,4.2
2024-04-18,2024,4,18,Thursday,100,68,32,68.0,89,08:00,10:00,23,20696.86,11128.29,0,9568.57,1.52
2024-04-19,2024,4,19,Friday,100,64,36,64.0,112,08:00,10:00,31,26100.55,11059.85,0,15040.7,2.81
2024-04-20,2024,4,20,Saturday,100,83,17,83.0,117,17:00,20:00,31,23313.89,11899.66,0,11414.23,3.84
2024-04-21,2024,4,21,Sunday,100,82,18,82.0,118,17:00,20:00,46,24905.44,12652.4,0,12253.04,4.33
2024-04-22,2024,4,22,Monday,100,56,44,56.0,119,08:00,10:00,43,30473.38,10691.39,0,19781.99,4.4
2024-04-23,2024,4,23,Tuesday,100,57,43,57.0,82,12:00,14:00,25,19912.48,10060.2,0,9852.28,4.46
2024-04-24,2024,4,24,Wednesday,100,68,32,68.0,95,12:00,14:00,27,21247.34,10697.73,5902.22,4647.39,2.36
2024-04-25,2024,4,25,Thursday,100,67,33,67.0,96,08:00,10:00,36,19858.89,11113.92,0,8744.97,5.04
2024-04-26,2024,4,26,Friday,100,68,32,68.0,119,08:00,10:00,37,25634.36,10344.57,0,15289.79,4.48
2024-04-27,2024,4,27,Saturday,100,79,21,79.0,122,17:00,20:00,47,26955.96,12511.16,0,14444.8,6.49
2024-04-28,2024,4,28,Sunday,100,78,22,78.0,125,12:00,14:00,46,29006.49,11937.56,4927.15,12141.78,6.55
2024-04-29,2024,4,29,Monday,100,64,36,64.0,124,08:00,10:00,40,23585.05,11337.0,0,12248.05,3.29
2024-04-30,2024,4,30,Tuesday,100,67,33,67.0,104,17:00,20:00,36,24189.28,10841.05,0,13348.23,1.94
2024-05-01,2024,5,1,Wednesday,100,85,15,85.0,185,17:00,20:00,68,51074.63,12463.44,10547.93,28063.26,2.11
2024-05-02,2024,5,2,Thursday,100,54,46,54.0,76,08:00,10:00,26,17936.71,10900.26,0,7036.45,2.16
2024-05-03,2024,5,3,Friday,100,45,55,45.0,84,17:00,20:00,24,19914.97,9843.13,0,10071.84,2.17
2024-05-04,2024,5,4,Saturday,100,72,28,72.0,130,17:00,20:00,42,28098.23,11540.73,0,16557.5,6.37
2024-05-05,2024,5,5,Sunday,100,82,18,82.0,100,17:00,20:00,32,17053.3,11481.99,0,5571.31,2.91
2024-05-06,2024,5,6,Monday,100,61,39,61.0,93,17:00,20:00,24,18990.56,10962.71,0,8027.85,4.13
2024-05-07,2024,5,7,Tuesday,100,58,42,58.0,123,08:00,10:00,48,27803.56,10265.61,4663.42,12874.53,3.41
2024-05-08,2024,5,8,Wednesday,100,53,47,53.0,94,17:00,20:00,28,22769.16,10111.57,0,12657.59,3.48
2024-05-09,2024,5,9,Thursday,100,56,44,56.0,120,12:00,14:00,35,31623.34,10649.12,0,20974.22,1.82
2024-05-10,2024,5,10,Friday,100,67,33,67.0,113,08:00,10:00,32,26587.82,11851.31,4134.57,10601.94,2.25
2024-05-11,2024,5,11,Saturday,100,91,9,91.0,183,17:00,20:00,71,31937.34,11746.38,0,20190.96,4.38
2024-05-12,2024,5,12,Sunday,100,73,27,73.0,171,17:00,20:00,47,37329.42,11018.92,0,26310.5,2.61
2024-05-13,2024,5,13,Monday,100,54,46,54.0,88,17:00,20:00,28,14548.02,10398.53,0,4149.49,2.18
2024-05-14,2024,5,14,Tuesday,100,69,31,69.0,137,17:00,20:00,54,27282.86,11145.75,3444.26,12692.85,2.08
2024-05-15,2024,5,15,Wednesday,100,62,38,62.0,98,08:00,10:00,30,26113.15,10233.52,0,15879.63,4.39
2024-05-16,2024,5,16,Thursday,100,56,44,56.0,130,12:00,14:00,50,22173.99,10145.64,0,12028.35,5.78
2024-05-17,2024,5,17,Friday,100,73,27,73.0,150,08:00,10:00,47,38383.59,11242.07,0,27141.52,1.81
2024-05-18,2024,5,18,Saturday,100,79,21,79.0,134,17:00,20:00,40,29631.21,12018.62,0,17612.59,4.07
2024-05-19,2024,5,19,Sunday,100,88,12,88.0,149,17:00,20:00,57,30194.2,12295.59,0,17898.61,4.62
2024-05-20,2024,5,20,Monday,100,67,33,67.0,108,12:00,14:00,34,20121.68,11771.13,0,8350.55,3.54
2024-05-21,2024,5,21,Tuesday,100,61,39,61.0,80,08:00,10:00,31,13750.11,9888.89,0,3861.22,2.02
2024-05-22,2024,5,22,Wednesday,100,57,43,57.0,85,08:00,10:00,29,20594.75,10070.3,0,10524.45,4.93
2024-05-23,2024,5,23,Thursday,100,58,42,58.0,102,12:00,14:00,31,17432.11,10412.1,0,7020.01,1.61
2024-05-24,2024,5,24,Friday,100,61,39,61.0,93,17:00,20:00,32,23167.84,10305.82,0,12862.02,3.01
2024-05-25,2024,5,25,Saturday,100,80,20,80.0,112,08:00,10:00,34,26031.59,11871.08,0,14160.51,3.16
2024-05-26,2024,5,26,Sunday,100,74,26,74.0,112,08:00,10:00,40,26027.99,11213.86,0,14814.13,2.77
2024-05-27,2024,5,27,Monday,100,61,39,61.0,73,08:00,10:00,27,15586.54,10277.98,0,5308.56,1.65
2024-05-28,2024,5,28,Tuesday,100,62,38,62.0,116,12:00,14:00,32,26465.56,10344.71,3391.35,12729.5,1.9
2024-05-29,2024,5,29,Wednesday,100,49,51,49.0,74,12:00,14:00,20,16202.8,10015.31,0,6187.49,1.75
2024-05-30,2024,5,30,Thursday,100,57,43,57.0,110,17:00,20:00,35,25477.27,11207.47,3696.37,10573.43,3.91
2024-05-31,2024,5,31,Friday,100,51,49,51.0,85,12:00,14:00,28,17922.85,10057.39,0,7865.46,1.84
2024-06-01,2024,6,1,Saturday,100,80,20,80.0,133,17:00,20:00,42,28856.52,12211.34,14573.57,2071.61,4.08
2024-06-02,2024,6,2,Sunday,100,91,9,91.0,174,12:00,14:00,57,39852.51,11623.68,0,28228.83,5.42
2024-06-03,2024,6,3,Monday,100,66,34,66.0,143,08:00,10:00,49,37617.82,11378.69,0,26239.13,4.32
2024-06-04,2024,6,4,Tuesday,100,56,44,56.0,109,17:00,20:00,33,25163.91,10897.06,0,14266.85,1.92
2024-06-05,2024,6,5,Wednesday,100,64,36,64.0,125,08:00,10:00,33,20019.29,11398.09,0,8621.2,2.76
2024-06-06,2024,6,6,Thursday,100,61,39,61.0,128,12:00,14:00,42,26816.99,10137.51,0,16679.48,2.88
2024-06-07,2024,6,7,Friday,100,69,31,69.0,144,08:00,10:00,45,36829.93,10611.75,0,26218.18,2.44
2024-06-08,2024,6,8,Saturday,100,76,24,76.0,152,08:00,10:00,48,28839.32,11504.98,0,17334.34,5.1
2024-06-09,2024,6,9,Sunday,100,76,24,76.0,155,17:00,20:00,48,32808.99,11099.63,0,21709.36,3.41
2024-06-10,2024,6,10,Monday,100,61,39,61.0,98,17:00,20:00,33,23703.73,9761.04,0,13942.69,3.31
2024-06-11,2024,6,11,Tuesday,100,62,38,62.0,114,12:00,14:00,44,18549.7,10853.12,0,7696.58,4.16
2024-06-12,2024,6,12,Wednesday,100,58,42,58.0,100,08:00,10:00,32,15837.11,10631.82,2400.23,2805.06,4.32
2024-06-13,2024,6,13,Thursday,100,60,40,60.0,124,08:00,10:00,42,24219.0,10999.33,0,13219.67,1.92
2024-06-14,2024,6,14,Friday,100,64,36,64.0,120,17:00,20:00,41,31478.35,10779.18,5204.74,15494.43,3.27
2024-06-15,2024,6,15,Saturday,100,99,1,99.0,195,12:00,14:00,72,45482.5,11517.7,0,33964.8,5.93
2024-06-16,2024,6,16,Sunday,100,70,30,70.0,128,17:00,20:00,36,27112.58,11822.72,0,15289.86,4.54
2024-06-17,2024,6,17,Monday,100,56,44,56.0,89,12:00,14:00,31,19053.81,10392.52,0,8661.29,5.25
2024-06-18,2024,6,18,Tuesday,100,54,46,54.0,120,12:00,14:00,45,22064.04,9978.34,0,12085.7,1.75
2024-06-19,2024,6,19,Wednesday,100,66,34,66.0,138,12:00,14:00,46,28147.38,10446.46,0,17700.92,4.8
2024-06-20,2024,6,20,Thursday,100,63,37,63.0,125,08:00,10:00,45,30034.11,11235.97,5602.3,13195.84,3.36
2024-06-21,2024,6,21,Friday,100,58,42,58.0,86,17:00,20:00,31,14739.14,11214.6,5798.7,-2274.16,5.08
2024-06-22,2024,6,22,Saturday,100,82,18,82.0,135,08:00,10:00,50,26131.3,11507.27,0,14624.03,3.15
2024-06-23,2024,6,23,Sunday,100,85,15,85.0,134,12:00,14:00,51,21921.76,12450.22,0,9471.54,5.48
2024-06-24,2024,6,24,Monday,100,76,24,76.0,161,08:00,10:00,58,39315.59,11676.4,0,27639.19,4.34
2024-06-25,2024,6,25,Tuesday,100,77,23,77.0,150,08:00,10:00,46,34036.29,11938.97,5430.59,16666.73,2.71
2024-06-26,2024,6,26,Wednesday,100,69,31,69.0,148,08:00,10:00,39,36259.41,11220.34,0,25039.07,2.34
2024-06-27,2024,6,27,Thursday,100,67,33,67.0,128,08:00,10:00,34,30941.35,11574.08,0,19367.27,4.89
2024-06-28,2024,6,28,Friday,100,69,31,69.0,125,12:00,14:00,38,27973.98,11365.52,0,16608.46,4.09
2024-06-29,2024,6,29,Saturday,100,85,15,85.0,164,08:00,10:00,46,31134.68,11164.59,0,19970.09,6.03
2024-06-30,2024,6,30,Sunday,100,87,13,87.0,169,12:00,14:00,54,39871.6,12490.68,2337.6,25043.32,3.49
2024-07-01,2024,7,1,Monday,100,59,41,59.0,124,12:00,14:00,31,19615.98,10804.44,9387.86,-576.32,4.43
2024-07-02,2024,7,2,Tuesday,100,67,33,67.0,117,08:00,10:00,31,23265.39,10439.36,0,12826.03,4.49
2024-07-03,2024,7,3,Wednesday,100,60,40,60.0,89,17:00,20:00,33,16749.63,10373.1,0,6376.53,5.57
2024-07-04,2024,7,4,Thursday,100,62,38,62.0,111,12:00,14:00,30,20802.88,11176.64,0,9626.24,3.93
2024-07-05,2024,7,5,Friday,100,70,30,70.0,149,17:00,20:00,46,26576.16,10946.87,0,15629.29,1.67
2024-07-06,2024,7,6,Saturday,100,80,20,80.0,173,17:00,20:00,68,45331.01,12217.35,0,33113.66,4.09
2024-07-07,2024,7,7,Sunday,100,91,9,91.0,128,17:00,20:00,33,22561.77,11902.82,0,10658.95,4.05
2024-07-08,2024,7,8,Monday,100,61,39,61.0,85,08:00,10:00,23,21744.67,11266.2,0,10478.47,3.84
2024-07-09,2024,7,9,Tuesday,100,64,36,64.0,97,17:00,20:00,29,26016.14,10698.45,0,15317.69,1.36
2024-07-10,2024,7,10,Wednesday,100,67,33,67.0,92,08:00,10:00,33,19219.42,11859.96,0,7359.46,3.81
2024-07-11,2024,7,11,Thursday,100,61,39,61.0,119,08:00,10:00,36,21126.19,11153.42,0,9972.77,4.51
2024-07-12,2024,7,12,Friday,100,57,43,57.0,121,12:00,14:00,41,24179.19,10592.9,0,13586.29,2.08
2024-07-13,2024,7,13,Saturday,100,85,15,85.0,139,17:00,20:00,37,26494.08,11667.31,0,14826.77,5.99
2024-07-14,2024,7,14,Sunday,100,81,19,81.0,176,17:00,20:00,69,33753.15,12400.05,0,21353.1,5.85
2024-07-15,2024,7,15,Monday,100,66,34,66.0,129,12:00,14:00,43,28467.28,10678.89,0,17788.39,2.37
2024-07-16,2024,7,16,Tuesday,100,66,34,66.0,130,08:00,10:00,47,29436.84,10462.67,0,18974.17,5.34
2024-07-17,2024,7,17,Wednesday,100,59,41,59.0,79,08:00,10:00,22,16353.18,10276.43,0,6076.75,4.67
2024-07-18,2024,7,18,Thursday,100,59,41,59.0,96,08:00,10:00,29,19859.43,11071.83,0,8787.6,4.38
2024-07-19,2024,7,19,Friday,100,70,30,70.0,99,17:00,20:00,29,26463.1,10873.25,0,15589.85,2.01
2024-07-20,2024,7,20,Saturday,100,84,16,84.0,118,12:00,14:00,31,27284.17,11361.9,0,15922.27,2.69
2024-07-21,2024,7,21,Sunday,100,82,18,82.0,159,17:00,20:00,41,32190.55,11303.06,0,20887.49,4.5
2024-07-22,2024,7,22,Monday,100,63,37,63.0,144,08:00,10:00,40,34203.33,11594.42,0,22608.91,3.31
2024-07-23,2024,7,23,Tuesday,100,73,27,73.0,126,12:00,14:00,44,30170.2,11157.61,0,19012.59,3.81
2024-07-24,2024,7,24,Wednesday,100,62,38,62.0,93,08:00,10:00,23,15597.76,11503.49,0,4094.27,1.92
2024-07-25,2024,7,25,Thursday,100,65,35,65.0,144,12:00,14:00,38,34379.8,11304.97,0,23074.83,4.74
2024-07-26,2024,7,26,Friday,100,71,29,71.0,146,12:00,14:00,41,32027.47,10980.07,0,21047.4,3.25
2024-07-27,2024,7,27,Saturday,100,76,24,76.0,141,17:00,20:00,56,22544.77,11328.81,0,11215.96,2.73
2024-07-28,2024,7,28,Sunday,100,83,17,83.0,151,17:00,20:00,44,34598.86,10788.94,0,23809.92,4.99
2024-07-29,2024,7,29,Monday,100,69,31,69.0,102,08:00,10:00,29,18756.14,10420.93,0,8335.21,3.03
2024-07-30,2024,7,30,Tuesday,100,71,29,71.0,112,12:00,14:00,44,25585.85,11331.11,3129.83,11124.91,4.46
2024-07-31,2024,7,31,Wednesday,100,62,38,62.0,89,12:00,14:00,24,18349.78,10570.01,0,7779.77,3.03
2024-08-01,2024,8,1,Thursday,100,63,37,63.0,99,17:00,20:00,32,24289.16,10404.86,9804.75,4079.55,3.24
2024-08-02,2024,8,2,Friday,100,63,37,63.0,133,08:00,10:00,36,30777.97,10863.06,0,19914.91,4.04
2024-08-03,2024,8,3,Saturday,100,92,8,92.0,198,17:00,20:00,68,49197.28,12073.76,0,37123.52,5.98
2024-08-04,2024,8,4,Sunday,100,85,15,85.0,131,12:00,14:00,43,30945.15,11992.25,0,18952.9,4.4
2024-08-05,2024,8,5,Monday,100,55,45,55.0,88,17:00,20:00,27,18561.44,10343.32,0,8218.12,2.2
2024-08-06,2024,8,6,Tuesday,100,64,36,64.0,122,08:00,10:00,38,31534.16,11006.45,0,20527.71,3.22
2024-08-07,2024,8,7,Wednesday,100,65,35,65.0,107,08:00,10:00,32,21648.86,10774.67,2603.81,8270.38,3.85
2024-08-08,2024,8,8,Thursday,100,81,19,81.0,162,17:00,20:00,64,32922.26,12306.38,0,20615.88,4.79
2024-08-09,2024,8,9,Friday,100,69,31,69.0,123,17:00,20:00,44,25138.02,11270.31,0,13867.71,2.46
2024-08-10,2024,8,10,Saturday,100,85,15,85.0,163,17:00,20:00,43,34998.23,12462.04,0,22536.19,3.39
2024-08-11,2024,8,11,Sunday,100,88,12,88.0,159,17:00,20:00,44,25532.52,12150.95,0,13381.57,4.71
2024-08-12,2024,8,12,Monday,100,54,46,54.0,111,08:00,10:00,36,18879.74,10535.69,0,8344.05,3.44
2024-08-13,2024,8,13,Tuesday,100,75,25,75.0,163,12:00,14:00,63,36585.43,11373.6,0,25211.83,3.99
2024-08-14,2024,8,14,Wednesday,100,98,2,98.0,196,08:00,10:00,64,39902.3,12511.65,0,27390.65,2.58
2024-08-15,2024,8,15,Thursday,100,76,24,76.0,135,12:00,14:00,41,28985.84,11263.52,0,17722.32,4.19
2024-08-16,2024,8,16,Friday,100,73,27,73.0,157,12:00,14:00,49,27204.75,10503.14,0,16701.61,5.16
2024-08-17,2024,8,17,Saturday,100,85,15,85.0,149,17:00,20:00,58,29649.69,11869.86,0,17779.83,3.74
2024-08-18,2024,8,18,Sunday,100,79,21,79.0,124,12:00,14:00,36,19692.62,11381.82,5556.23,2754.57,3.7
2024-08-19,2024,8,19,Monday,100,67,33,67.0,89,08:00,10:00,34,18242.83,11526.89,0,6715.94,4.53
2024-08-20,2024,8,20,Tuesday,100,66,34,66.0,92,12:00,14:00,34,21149.1,11626.4,0,9522.7,3.36
2024-08-21,2024,8,21,Wednesday,100,65,35,65.0,121,17:00,20:00,46,28758.89,11296.92,3235.39,14226.58,3.7
2024-08-22,2024,8,22,Thursday,100,62,38,62.0,132,12:00,14:00,48,34422.33,11042.47,0,23379.86,5.24
2024-08-23,2024,8,23,Friday,100,65,35,65.0,131,08:00,10:00,47,33163.24,11085.88,0,22077.36,3.28
2024-08-24,2024,8,24,Saturday,100,87,13,87.0,125,08:00,10:00,41,24754.09,12512.34,0,12241.75,3.46
2024-08-25,2024,8,25,Sunday,100,86,14,86.0,146,08:00,10:00,50,27828.53,10907.66,0,16920.87,6.24
2024-08-26,2024,8,26,Monday,100,63,37,63.0,145,08:00,10:00,41,31880.52,10113.39,0,21767.13,1.72
2024-08-27,2024,8,27,Tuesday,100,58,42,58.0,102,12:00,14:00,29,25815.95,11045.33,0,14770.62,3.91
2024-08-28,2024,8,28,Wednesday,100,69,31,69.0,122,17:00,20:00,40,29427.03,11271.44,0,18155.59,5.54
2024-08-29,2024,8,29,Thursday,100,62,38,62.0,125,17:00,20:00,43,28298.2,10455.98,0,17842.22,4.74
2024-08-30,2024,8,30,Friday,100,60,40,60.0,115,12:00,14:00,38,18615.84,10681.57,5321.99,2612.28,4.69
2024-08-31,2024,8,31,Saturday,100,94,6,94.0,140,17:00,20:00,52,35986.63,12950.84,0,23035.79,3.42
2024-09-01,2024,9,1,Sunday,100,82,18,82.0,140,17:00,20:00,35,32681.47,10234.55,9214.75,13232.17,4.82
2024-09-02,2024,9,2,Monday,100,57,43,57.0,89,08:00,10:00,34,20396.82,11143.84,0,9252.98,2.61
2024-09-03,2024,9,3,Tuesday,100,63,37,63.0,94,08:00,10:00,34,21815.01,11087.58,0,10727.43,4.35
2024-09-04,2024,9,4,Wednesday,100,59,41,59.0,107,08:00,10:00,40,24214.91,11104.47,0,13110.44,2.53
2024-09-05,2024,9,5,Thursday,100,67,33,67.0,95,08:00,10:00,35,19333.09,10727.8,0,8605.29,4.47
2024-09-06,2024,9,6,Friday,100,85,15,85.0,118,17:00,20:00,43,23492.63,12784.74,2767.41,7940.48,4.38
2024-09-07,2024,9,7,Saturday,100,86,14,86.0,153,12:00,14:00,51,31842.19,12204.17,0,19638.02,4.2
2024-09-08,2024,9,8,Sunday,100,82,18,82.0,157,12:00,14:00,48,37821.61,11183.58,0,26638.03,4.07
2024-09-09,2024,9,9,Monday,100,55,45,55.0,118,17:00,20:00,47,21334.13,11150.8,0,10183.33,2.64
2024-09-10,2024,9,10,Tuesday,100,57,43,57.0,97,17:00,20:00,33,21821.98,10452.94,0,11369.04,4.97
2024-09-11,2024,9,11,Wednesday,100,62,38,62.0,88,08:00,10:00,30,17982.49,11298.96,0,6683.53,3.58
2024-09-12,2024,9,12,Thursday,100,66,34,66.0,127,08:00,10:00,47,20625.56,10961.57,0,9663.99,2.74
2024-09-13,2024,9,13,Friday,100,57,43,57.0,114,08:00,10:00,39,25833.17,10605.62,0,15227.55,1.31
2024-09-14,2024,9,14,Saturday,100,72,28,72.0,89,17:00,20:00,30,14989.58,11067.24,2503.93,1418.41,4.22
2024-09-15,2024,9,15,Sunday,100,73,27,73.0,140,08:00,10:00,38,22327.94,10974.17,0,11353.77,3.71
2024-09-16,2024,9,16,Monday,100,67,33,67.0,90,08:00,10:00,27,17691.21,11085.95,0,6605.26,4.68
2024-09-17,2024,9,17,Tuesday,100,57,43,57.0,91,17:00,20:00,31,16147.92,9755.9,0,6392.02,3.97
2024-09-18,2024,9,18,Wednesday,100,55,45,55.0,125,12:00,14:00,39,21596.26,10996.89,0,10599.37,4.11
2024-09-19,2024,9,19,Thursday,100,57,43,57.0,80,12:00,14:00,29,19947.04,9968.94,0,9978.1,3.28
2024-09-20,2024,9,20,Friday,100,60,40,60.0,85,08:00,10:00,24,19027.69,10348.42,2875.78,5803.49,2.58
2024-09-21,2024,9,21,Saturday,100,82,18,82.0,133,08:00,10:00,37,24494.05,12518.3,0,11975.75,4.19
2024-09-22,2024,9,22,Sunday,100,79,21,79.0,134,12:00,14:00,37,28940.76,11317.41,0,17623.35,3.27
2024-09-23,2024,9,23,Monday,100,68,32,68.0,96,08:00,10:00,29,21740.28,11110.31,0,10629.97,5.04
2024-09-24,2024,9,24,Tuesday,100,58,42,58.0,91,12:00,14:00,27,15586.21,10225.07,5163.99,197.15,3.99
2024-09-25,2024,9,25,Wednesday,100,62,38,62.0,134,12:00,14:00,41,28322.16,10713.14,0,17609.02,3.34
2024-09-26,2024,9,26,Thursday,100,52,48,52.0,101,12:00,14:00,28,25672.73,10125.64,0,15547.09,4.09
2024-09-27,2024,9,27,Friday,100,64,36,64.0,113,08:00,10:00,30,23144.71,10579.42,0,12565.29,3.4
2024-09-28,2024,9,28,Saturday,100,72,28,72.0,128,12:00,14:00,32,26128.85,10833.37,4051.16,11244.32,4.93
2024-09-29,2024,9,29,Sunday,100,80,20,80.0,100,08:00,10:00,26,17953.49,11147.4,0,6806.09,6.4
2024-09-30,2024,9,30,Monday,100,62,38,62.0,95,17:00,20:00,34,20535.0,11069.88,5783.26,3681.86,5.06
2024-10-01,2024,10,1,Tuesday,100,59,41,59.0,111,17:00,20:00,44,27783.33,10973.14,13501.82,3308.37,4.74
2024-10-02,2024,10,2,Wednesday,100,58,42,58.0,111,08:00,10:00,31,26800.66,9908.32,0,16892.34,2.17
2024-10-03,2024,10,3,Thursday,100,63,37,63.0,121,12:00,14:00,42,23474.0,10749.8,0,12724.2,3.14
2024-10-04,2024,10,4,Friday,100,58,42,58.0,117,17:00,20:00,32,30408.53,10433.14,0,19975.39,5.17
2024-10-05,2024,10,5,Saturday,100,79,21,79.0,145,08:00,10:00,39,31715.46,12296.03,0,19419.43,3.29
2024-10-06,2024,10,6,Sunday,100,81,19,81.0,101,08:00,10:00,39,20202.02,10980.1,4074.13,5147.79,3.14
2024-10-07,2024,10,7,Monday,100,63,37,63.0,87,08:00,10:00,29,18161.19,11513.62,0,6647.57,2.62
2024-10-08,2024,10,8,Tuesday,100,63,37,63.0,84,12:00,14:00,25,15295.57,11058.72,0,4236.85,2.64
2024-10-09,2024,10,9,Wednesday,100,50,50,50.0,94,17:00,20:00,36,19460.16,10341.23,0,9118.93,3.49
2024-10-10,2024,10,10,Thursday,100,65,35,65.0,100,17:00,20:00,38,20167.29,10808.93,0,9358.36,2.36
2024-10-11,2024,10,11,Friday,100,54,46,54.0,114,08:00,10:00,43,21202.57,10606.77,0,10595.8,4.88
2024-10-12,2024,10,12,Saturday,100,82,18,82.0,160,08:00,10:00,49,38240.51,11996.3,0,26244.21,4.62
2024-10-13,2024,10,13,Sunday,100,75,25,75.0,145,17:00,20:00,45,34697.3,11367.75,0,23329.55,3.82
2024-10-14,2024,10,14,Monday,100,59,41,59.0,75,12:00,14:00,21,19617.58,11132.94,0,8484.64,3.77
2024-10-15,2024,10,15,Tuesday,100,60,40,60.0,120,08:00,10:00,42,18742.75,10836.56,0,7906.19,4.06
2024-10-16,2024,10,16,Wednesday,100,57,43,57.0,107,12:00,14:00,37,24315.69,10401.7,0,13913.99,4.73
2024-10-17,2024,10,17,Thursday,100,60,40,60.0,87,08:00,10:00,23,17981.01,10663.13,0,7317.88,5.75
2024-10-18,2024,10,18,Friday,100,68,32,68.0,134,12:00,14:00,34,28586.49,10525.22,0,18061.27,2.78
2024-10-19,2024,10,19,Saturday,100,73,27,73.0,103,12:00,14:00,26,23449.86,10947.72,0,12502.14,5.53
2024-10-20,2024,10,20,Sunday,100,75,25,75.0,114,12:00,14:00,39,30081.56,12013.08,3007.76,15060.72,2.84
2024-10-21,2024,10,21,Monday,100,55,45,55.0,97,17:00,20:00,35,16475.88,10446.26,3928.52,2101.1,2.07
2024-10-22,2024,10,22,Tuesday,100,53,47,53.0,83,12:00,14:00,24,18604.28,9625.58,0,8978.7,2.02
2024-10-23,2024,10,23,Wednesday,100,55,45,55.0,77,08:00,10:00,25,13845.7,10667.38,0,3178.32,4.94
2024-10-24,2024,10,24,Thursday,100,57,43,57.0,111,12:00,14:00,36,29300.67,10898.65,3370.91,15031.11,2.41
2024-10-25,2024,10,25,Friday,100,72,28,72.0,161,17:00,20:00,57,29105.33,11442.42,5479.47,12183.44,2.17
2024-10-26,2024,10,26,Saturday,100,80,20,80.0,121,12:00,14:00,32,27143.4,12301.3,0,14842.1,4.49
2024-10-27,2024,10,27,Sunday,100,79,21,79.0,136,17:00,20:00,40,30190.42,11306.29,0,18884.13,3.83
2024-10-28,2024,10,28,Monday,100,62,38,62.0,113,12:00,14:00,41,27978.08,9761.95,0,18216.13,4.28
2024-10-29,2024,10,29,Tuesday,100,65,35,65.0,106,12:00,14:00,34,21069.95,10589.18,0,10480.77,5.42
2024-10-30,2024,10,30,Wednesday,100,71,29,71.0,139,08:00,10:00,43,27972.03,11346.92,0,16625.11,1.96
2024-10-31,2024,10,31,Thursday,100,73,27,73.0,93,17:00,20:00,26,22828.06,11683.81,0,11144.25,3.18
2024-11-01,2024,11,1,Friday,100,71,29,71.0,127,17:00,20:00,46,23020.82,11333.11,12659.73,-972.02,1.76
2024-11-02,2024,11,2,Saturday,100,81,19,81.0,109,12:00,14:00,37,25034.16,11419.84,0,13614.32,4.35
2024-11-03,2024,11,3,Sunday,100,81,19,81.0,138,08:00,10:00,43,34086.98,11755.32,0,22331.66,4.76
2024-11-04,2024,11,4,Monday,100,73,27,73.0,147,17:00,20:00,39,32300.67,11719.24,0,20581.43,3.3
2024-11-05,2024,11,5,Tuesday,100,68,32,68.0,152,08:00,10:00,40,35236.3,11250.63,0,23985.67,2.06
2024-11-06,2024,11,6,Wednesday,100,79,21,79.0,143,08:00,10:00,48,25536.9,12021.02,3762.92,9752.96,4.97
2024-11-07,2024,11,7,Thursday,100,81,19,81.0,116,08:00,10:00,31,18884.81,10710.31,0,8174.5,1.79
2024-11-08,2024,11,8,Friday,100,74,26,74.0,134,17:00,20:00,35,28394.97,11988.54,0,16406.43,3.35
2024-11-09,2024,11,9,Saturday,100,99,1,99.0,166,17:00,20:00,66,47232.08,12707.46,0,34524.62,6.56
2024-11-10,2024,11,10,Sunday,100,92,8,92.0,191,12:00,14:00,72,48837.57,10722.78,3473.72,34641.07,4.83
2024-11-11,2024,11,11,Monday,100,70,30,70.0,112,08:00,10:00,45,29555.16,10414.67,0,19140.49,2.87
2024-11-12,2024,11,12,Tuesday,100,66,34,66.0,112,12:00,14:00,29,23030.27,12128.49,0,10901.78,4.39
2024-11-13,2024,11,13,Wednesday,100,73,27,73.0,107,12:00,14:00,36,26976.44,10815.35,0,16161.09,5.24
2024-11-14,2024,11,14,Thursday,100,81,19,81.0,170,17:00,20:00,55,36396.47,11548.26,0,24848.21,3.08
2024-11-15,2024,11,15,Friday,100,73,27,73.0,153,17:00,20:00,56,27374.58,11373.37,5690.94,10310.27,3.94
2024-11-16,2024,11,16,Saturday,100,81,19,81.0,130,12:00,14:00,44,33395.69,11808.83,0,21586.86,3.76
2024-11-17,2024,11,17,Sunday,100,87,13,87.0,175,17:00,20:00,50,29226.43,11158.35,0,18068.08,5.56
2024-11-18,2024,11,18,Monday,100,71,29,71.0,111,08:00,10:00,40,21306.11,10514.27,5190.07,5601.77,5.44
2024-11-19,2024,11,19,Tuesday,100,80,20,80.0,152,08:00,10:00,38,37868.41,12044.69,0,25823.72,3.52
2024-11-20,2024,11,20,Wednesday,100,71,29,71.0,133,17:00,20:00,47,29433.14,12618.19,0,16814.95,4.51
2024-11-21,2024,11,21,Thursday,100,71,29,71.0,108,17:00,20:00,28,26469.19,11907.54,0,14561.65,3.73
2024-11-22,2024,11,22,Friday,100,85,15,85.0,127,12:00,14:00,39,33874.18,12794.92,0,21079.26,3.17
2024-11-23,2024,11,23,Saturday,100,87,13,87.0,145,08:00,10:00,52,27511.85,12135.3,0,15376.55,5.47
2024-11-24,2024,11,24,Sunday,100,83,17,83.0,167,17:00,20:00,53,28800.99,12017.45,0,16783.54,5.88
2024-11-25,2024,11,25,Monday,100,99,1,99.0,168,17:00,20:00,45,47060.32,12660.44,5703.94,28695.94,2.34
2024-11-26,2024,11,26,Tuesday,100,78,22,78.0,105,17:00,20:00,36,23757.15,11643.1,0,12114.05,3.13
2024-11-27,2024,11,27,Wednesday,100,71,29,71.0,110,12:00,14:00,40,29394.44,10072.66,0,19321.78,2.73
2024-11-28,2024,11,28,Thursday,100,71,29,71.0,96,08:00,10:00,31,22283.79,10166.93,0,12116.86,4.1
2024-11-29,2024,11,29,Friday,100,81,19,81.0,137,17:00,20:00,49,25765.34,11227.07,0,14538.27,1.66
2024-11-30,2024,11,30,Saturday,100,92,8,92.0,165,17:00,20:00,61,34687.6,12176.19,5014.03,17497.38,2.81
2024-12-01,2024,12,1,Sunday,100,99,1,99.0,203,17:00,20:00,51,47512.02,11153.89,11937.47,24420.66,6.21
2024-12-02,2024,12,2,Monday,100,90,10,90.0,161,08:00,10:00,53,32957.73,10923.42,0,22034.31,5.81
2024-12-03,2024,12,3,Tuesday,100,72,28,72.0,109,12:00,14:00,32,28348.68,10936.06,0,17412.62,4.75
2024-12-04,2024,12,4,Wednesday,100,74,26,74.0,119,17:00,20:00,47,26435.98,11410.88,0,15025.1,4.0
2024-12-05,2024,12,5,Thursday,100,73,27,73.0,113,12:00,14:00,44,26423.66,10885.24,0,15538.42,5.89
2024-12-06,2024,12,6,Friday,100,73,27,73.0,116,12:00,14:00,43,25917.55,11098.63,0,14818.92,5.34
2024-12-07,2024,12,7,Saturday,100,92,8,92.0,168,17:00,20:00,52,32079.83,12922.62,0,19157.21,3.43
2024-12-08,2024,12,8,Sunday,100,99,1,99.0,157,17:00,20:00,58,26839.75,12737.07,0,14102.68,4.33
2024-12-09,2024,12,9,Monday,100,70,30,70.0,116,12:00,14:00,45,20602.53,10717.65,0,9884.88,4.11
2024-12-10,2024,12,10,Tuesday,100,78,22,78.0,140,08:00,10:00,49,32966.66,10736.92,0,22229.74,3.96
2024-12-11,2024,12,11,Wednesday,100,67,33,67.0,134,12:00,14:00,43,27272.3,10803.14,0,16469.16,5.99
2024-12-12,2024,12,12,Thursday,100,82,18,82.0,123,17:00,20:00,48,24785.66,11443.99,0,13341.67,2.39
2024-12-13,2024,12,13,Friday,100,83,17,83.0,152,12:00,14:00,58,39797.76,11708.14,0,28089.62,3.9
2024-12-14,2024,12,14,Saturday,100,89,11,89.0,120,08:00,10:00,33,29690.99,11601.85,4644.7,13444.44,6.12
2024-12-15,2024,12,15,Sunday,100,99,1,99.0,190,08:00,10:00,60,33458.94,13130.17,0,20328.77,5.75
2024-12-16,2024,12,16,Monday,100,59,41,59.0,98,08:00,10:00,30,16770.16,9863.48,0,6906.68,2.54
2024-12-17,2024,12,17,Tuesday,100,69,31,69.0,90,12:00,14:00,28,23639.02,11106.81,0,12532.21,5.01
2024-12-18,2024,12,18,Wednesday,100,75,25,75.0,96,12:00,14:00,28,16315.26,11675.96,3968.18,671.12,1.86
2024-12-19,2024,12,19,Thursday,100,71,29,71.0,100,12:00,14:00,27,22903.34,10949.73,0,11953.61,3.95
2024-12-20,2024,12,20,Friday,100,72,28,72.0,151,12:00,14:00,41,35638.11,11755.53,0,23882.58,1.52
2024-12-21,2024,12,21,Saturday,100,84,16,84.0,182,08:00,10:00,51,37958.65,11053.01,4857.28,22048.36,3.98
2024-12-22,2024,12,22,Sunday,100,93,7,93.0,153,17:00,20:00,58,30309.76,11628.56,0,18681.2,2.58
2024-12-23,2024,12,23,Monday,100,73,27,73.0,148,12:00,14:00,50,23160.09,11242.78,0,11917.31,2.27
2024-12-24,2024,12,24,Tuesday,100,69,31,69.0,137,17:00,20:00,55,25225.98,10541.11,0,14684.87,3.9
2024-12-25,2024,12,25,Wednesday,100,99,1,99.0,203,17:00,20:00,55,39180.97,12067.19,4465.87,22647.91,2.52
2024-12-26,2024,12,26,Thursday,100,80,20,80.0,128,12:00,14:00,36,24841.73,11457.73,0,13384.0,2.75
2024-12-27,2024,12,27,Friday,100,83,17,83.0,124,17:00,20:00,34,19655.02,11385.39,0,8269.63,2.14
2024-12-28,2024,12,28,Saturday,100,98,2,98.0,171,12:00,14:00,45,27069.49,12878.52,0,14190.97,5.9
2024-12-29,2024,12,29,Sunday,100,85,15,85.0,125,12:00,14:00,42,20692.72,11975.58,0,8717.14,5.72
2024-12-30,2024,12,30,Monday,100,76,24,76.0,111,17:00,20:00,38,21191.3,11647.24,2766.83,6777.23,3.67
2024-12-31,2024,12,31,Tuesday,100,99,1,99.0,215,17:00,20:00,85,62529.7,12980.47,0,49549.23,4.04
2025-01-01,2025,1,1,Wednesday,100,95,5,95.0,135,12:00,14:00,53,29629.72,11632.46,11465.18,6532.08,4.1
2025-01-02,2025,1,2,Thursday,100,53,47,53.0,90,12:00,14:00,30,18012.72,10465.02,0,7547.7,4.3
2025-01-03,2025,1,3,Friday,100,63,37,63.0,102,12:00,14:00,34,19305.43,10923.39,0,8382.04,3.58
2025-01-04,2025,1,4,Saturday,100,71,29,71.0,159,12:00,14:00,43,39719.07,12082.16,0,27636.91,2.49
2025-01-05,2025,1,5,Sunday,100,68,32,68.0,117,08:00,10:00,42,25506.88,10732.13,4503.82,10270.93,2.37
2025-01-06,2025,1,6,Monday,100,49,51,49.0,82,08:00,10:00,21,18918.72,10219.06,0,8699.66,2.79
2025-01-07,2025,1,7,Tuesday,100,48,52,48.0,81,12:00,14:00,30,14590.21,10416.4,0,4173.81,2.82
2025-01-08,2025,1,8,Wednesday,100,54,46,54.0,72,12:00,14:00,23,15178.67,9429.09,0,5749.58,3.79
2025-01-09,2025,1,9,Thursday,100,59,41,59.0,87,08:00,10:00,30,14216.43,11024.09,0,3192.34,3.97
2025-01-10,2025,1,10,Friday,100,62,38,62.0,88,08:00,10:00,27,14767.03,11346.32,3070.63,350.08,5.19
2025-01-11,2025,1,11,Saturday,100,64,36,64.0,79,17:00,20:00,26,19854.66,10673.55,0,9181.11,6.15
2025-01-12,2025,1,12,Sunday,100,71,29,71.0,113,17:00,20:00,33,24285.65,10414.11,2567.34,11304.2,6.11
2025-01-13,2025,1,13,Monday,100,61,39,61.0,88,12:00,14:00,25,22360.91,11278.44,0,11082.47,5.33
2025-01-14,2025,1,14,Tuesday,100,57,43,57.0,101,08:00,10:00,30,19980.04,10257.07,0,9722.97,3.67
2025-01-15,2025,1,15,Wednesday,100,48,52,48.0,64,12:00,14:00,19,15856.7,10161.69,0,5695.01,4.52
2025-01-16,2025,1,16,Thursday,100,54,46,54.0,68,17:00,20:00,19,15658.85,10217.57,0,5441.28,4.24
2025-01-17,2025,1,17,Friday,100,60,40,60.0,121,08:00,10:00,36,20649.87,10179.62,0,10470.25,3.92
2025-01-18,2025,1,18,Saturday,100,71,29,71.0,151,17:00,20:00,46,32610.28,10973.12,0,21637.16,4.77
2025-01-19,2025,1,19,Sunday,100,66,34,66.0,130,17:00,20:00,46,23392.59,12003.28,0,11389.31,6.22
2025-01-20,2025,1,20,Monday,100,60,40,60.0,126,17:00,20:00,47,23525.04,11776.51,2842.95,8905.58,2.28
2025-01-21,2025,1,21,Tuesday,100,55,45,55.0,103,08:00,10:00,37,23940.58,10295.87,0,13644.71,5.09
2025-01-22,2025,1,22,Wednesday,100,56,44,56.0,90,08:00,10:00,24,19901.89,10331.57,0,9570.32,4.06
2025-01-23,2025,1,23,Thursday,100,61,39,61.0,117,12:00,14:00,41,18255.52,9952.74,0,8302.78,3.19
2025-01-24,2025,1,24,Friday,100,66,34,66.0,127,17:00,20:00,42,31591.02,10892.91,0,20698.11,2.28
2025-01-25,2025,1,25,Saturday,100,78,22,78.0,171,17:00,20:00,53,27541.49,12417.41,5266.24,9857.84,4.31
2025-01-26,2025,1,26,Sunday,100,70,30,70.0,150,08:00,10:00,56,33825.1,10961.87,0,22863.23,2.8
2025-01-27,2025,1,27,Monday,100,53,47,53.0,78,12:00,14:00,28,14980.93,10764.37,0,4216.56,3.81
2025-01-28,2025,1,28,Tuesday,100,45,55,45.0,57,08:00,10:00,22,9075.51,9670.73,0,-595.22,4.52
2025-01-29,2025,1,29,Wednesday,100,64,36,64.0,88,12:00,14:00,32,15051.47,10180.92,0,4870.55,4.82
2025-01-30,2025,1,30,Thursday,100,58,42,58.0,112,08:00,10:00,39,29096.74,10211.14,0,18885.6,1.99
2025-01-31,2025,1,31,Friday,100,62,38,62.0,120,12:00,14:00,47,23343.52,10213.04,0,13130.48,2.11
2025-02-01,2025,2,1,Saturday,100,71,29,71.0,100,17:00,20:00,34,26387.92,11939.66,11829.95,2618.31,6.41
2025-02-02,2025,2,2,Sunday,100,74,26,74.0,100,12:00,14:00,39,17513.3,11287.39,0,6225.91,3.63
2025-02-03,2025,2,3,Monday,100,50,50,50.0,105,12:00,14:00,28,17780.87,9981.71,0,7799.16,4.93
2025-02-04,2025,2,4,Tuesday,100,59,41,59.0,125,17:00,20:00,38,28811.22,10697.58,0,18113.64,5.09
2025-02-05,2025,2,5,Wednesday,100,65,35,65.0,129,12:00,14:00,35,21535.18,11145.57,0,10389.61,4.01
2025-02-06,2025,2,6,Thursday,100,51,49,51.0,95,17:00,20:00,25,16580.54,10508.8,3314.88,2756.86,2.96
2025-02-07,2025,2,7,Friday,100,62,38,62.0,120,12:00,14:00,35,19068.92,10585.03,0,8483.89,5.25
2025-02-08,2025,2,8,Saturday,100,73,27,73.0,146,17:00,20:00,58,26019.61,10605.52,0,15414.09,4.73
2025-02-09,2025,2,9,Sunday,100,75,25,75.0,126,12:00,14:00,45,31851.58,11595.93,0,20255.65,6.64
2025-02-10,2025,2,10,Monday,100,41,59,41.0,70,08:00,10:00,27,14690.2,10391.74,0,4298.46,3.71
2025-02-11,2025,2,11,Tuesday,100,58,42,58.0,116,08:00,10:00,42,25304.24,11017.97,0,14286.27,4.0
2025-02-12,2025,2,12,Wednesday,100,68,32,68.0,146,12:00,14:00,43,35484.59,10582.48,0,24902.11,3.16
2025-02-13,2025,2,13,Thursday,100,50,50,50.0,62,12:00,14:00,17,14720.8,10394.41,0,4326.39,5.59
2025-02-14,2025,2,14,Friday,100,84,16,84.0,170,08:00,10:00,65,41304.58,11918.45,0,29386.13,3.14
2025-02-15,2025,2,15,Saturday,100,76,24,76.0,161,12:00,14:00,63,33082.27,11667.64,0,21414.63,6.15
2025-02-16,2025,2,16,Sunday,100,71,29,71.0,105,17:00,20:00,41,26711.01,11974.72,0,14736.29,6.49
2025-02-17,2025,2,17,Monday,100,63,37,63.0,122,12:00,14:00,42,25914.5,11169.78,0,14744.72,3.54
2025-02-18,2025,2,18,Tuesday,100,64,36,64.0,144,08:00,10:00,53,29867.7,11130.44,5128.78,13608.48,3.24
2025-02-19,2025,2,19,Wednesday,100,54,46,54.0,92,17:00,20:00,36,21047.38,10939.52,0,10107.86,4.88
2025-02-20,2025,2,20,Thursday,100,45,55,45.0,70,08:00,10:00,24,14346.21,9703.84,5205.33,-562.96,3.61
2025-02-21,2025,2,21,Friday,100,61,39,61.0,138,08:00,10:00,53,29227.04,10368.79,4307.73,14550.52,2.73
2025-02-22,2025,2,22,Saturday,100,74,26,74.0,141,08:00,10:00,42,23201.66,10628.78,0,12572.88,5.16
2025-02-23,2025,2,23,Sunday,100,75,25,75.0,122,17:00,20:00,33,25320.28,11203.54,0,14116.74,3.91
2025-02-24,2025,2,24,Monday,100,60,40,60.0,115,08:00,10:00,33,18419.47,11131.43,0,7288.04,2.07
2025-02-25,2025,2,25,Tuesday,100,58,42,58.0,82,08:00,10:00,23,13804.9,11124.83,3654.98,-974.91,3.58
2025-02-26,2025,2,26,Wednesday,100,52,48,52.0,85,17:00,20:00,29,17440.36,10492.87,0,6947.49,3.68
2025-02-27,2025,2,27,Thursday,100,71,29,71.0,158,12:00,14:00,54,33844.59,11714.06,0,22130.53,3.56
2025-02-28,2025,2,28,Friday,100,45,55,45.0,66,08:00,10:00,25,10517.8,9594.1,0,923.7,3.28
2025-03-01,2025,3,1,Saturday,100,88,12,88.0,157,12:00,14:00,57,33132.29,11848.65,13922.25,7361.39,5.54
2025-03-02,2025,3,2,Sunday,100,86,14,86.0,173,17:00,20:00,48,30989.66,11374.39,0,19615.27,5.9
2025-03-03,2025,3,3,Monday,100,59,41,59.0,95,12:00,14:00,29,21360.24,10613.34,0,10746.9,3.21
2025-03-04,2025,3,4,Tuesday,100,55,45,55.0,112,12:00,14:00,35,18963.97,10485.53,0,8478.44,4.33
2025-03-05,2025,3,5,Wednesday,100,58,42,58.0,88,08:00,10:00,22,17036.4,11262.39,0,5774.01,2.41
2025-03-06,2025,3,6,Thursday,100,66,34,66.0,123,12:00,14:00,48,30212.64,10792.1,3271.13,16149.41,2.42
2025-03-07,2025,3,7,Friday,100,69,31,69.0,129,17:00,20:00,40,21745.54,10574.66,0,11170.88,1.84
2025-03-08,2025,3,8,Saturday,100,85,15,85.0,104,12:00,14:00,28,27362.82,11613.77,0,15749.05,2.73
2025-03-09,2025,3,9,Sunday,100,92,8,92.0,185,12:00,14:00,67,36991.36,11567.95,0,25423.41,6.24
2025-03-10,2025,3,10,Monday,100,56,44,56.0,119,17:00,20:00,46,19730.73,11497.59,0,8233.14,5.13
2025-03-11,2025,3,11,Tuesday,100,65,35,65.0,129,17:00,20:00,48,27500.2,11758.05,0,15742.15,2.14
2025-03-12,2025,3,12,Wednesday,100,67,33,67.0,106,12:00,14:00,39,19663.06,10378.45,0,9284.61,4.55
2025-03-13,2025,3,13,Thursday,100,77,23,77.0,120,12:00,14:00,32,25891.65,11974.88,0,13916.77,3.39
2025-03-14,2025,3,14,Friday,100,74,26,74.0,148,08:00,10:00,56,27073.1,11816.49,0,15256.61,1.63
2025-03-15,2025,3,15,Saturday,100,87,13,87.0,177,08:00,10:00,47,31668.27,12282.6,0,19385.67,4.94
2025-03-16,2025,3,16,Sunday,100,76,24,76.0,98,08:00,10:00,38,19705.2,11691.37,0,8013.83,3.9
2025-03-17,2025,3,17,Monday,100,68,32,68.0,145,12:00,14:00,39,36623.96,10859.04,0,25764.92,3.29
2025-03-18,2025,3,18,Tuesday,100,60,40,60.0,83,12:00,14:00,25,15032.87,10454.44,2391.25,2187.18,4.37
2025-03-19,2025,3,19,Wednesday,100,64,36,64.0,95,12:00,14:00,32,20517.07,10613.65,0,9903.42,1.99
2025-03-20,2025,3,20,Thursday,100,67,33,67.0,104,08:00,10:00,28,19017.64,11196.31,0,7821.33,4.88
2025-03-21,2025,3,21,Friday,100,62,38,62.0,85,08:00,10:00,29,19970.71,10433.69,3907.03,5629.99,3.32
2025-03-22,2025,3,22,Saturday,100,87,13,87.0,136,08:00,10:00,38,34644.42,10800.08,0,23844.34,6.44
2025-03-23,2025,3,23,Sunday,100,99,1,99.0,194,08:00,10:00,59,45885.96,13104.1,0,32781.86,5.28
2025-03-24,2025,3,24,Monday,100,76,24,76.0,134,08:00,10:00,36,22254.28,11311.71,0,10942.57,2.67
2025-03-25,2025,3,25,Tuesday,100,59,41,59.0,78,08:00,10:00,28,20139.85,11406.06,3079.75,5654.04,3.34
2025-03-26,2025,3,26,Wednesday,100,63,37,63.0,103,08:00,10:00,41,20014.64,10826.4,0,9188.24,4.18
2025-03-27,2025,3,27,Thursday,100,70,30,70.0,143,17:00,20:00,55,33128.17,11433.5,0,21694.67,5.05
2025-03-28,2025,3,28,Friday,100,62,38,62.0,117,17:00,20:00,34,20750.18,11117.81,0,9632.37,3.63
2025-03-29,2025,3,29,Saturday,100,84,16,84.0,113,08:00,10:00,44,19851.22,11724.11,0,8127.11,4.09
2025-03-30,2025,3,30,Sunday,100,80,20,80.0,114,08:00,10:00,33,25206.91,10890.07,2199.61,12117.23,3.24
2025-03-31,2025,3,31,Monday,100,73,27,73.0,122,17:00,20:00,41,32046.9,10729.35,0,21317.55,2.35
2025-04-01,2025,4,1,Tuesday,100,79,21,79.0,123,12:00,14:00,38,24982.01,12530.68,11947.35,503.98,4.02
2025-04-02,2025,4,2,Wednesday,100,62,38,62.0,125,08:00,10:00,34,26998.06,9890.55,0,17107.51,2.06
2025-04-03,2025,4,3,Thursday,100,67,33,67.0,84,12:00,14:00,30,18112.59,10619.34,0,7493.25,3.61
2025-04-04,2025,4,4,Friday,100,66,34,66.0,131,08:00,10:00,36,33609.11,10784.1,0,22825.01,5.31
2025-04-05,2025,4,5,Saturday,100,94,6,94.0,136,17:00,20:00,43,32907.26,13072.89,0,19834.37,3.05
2025-04-06,2025,4,6,Sunday,100,74,26,74.0,129,17:00,20:00,49,21968.1,11249.83,0,10718.27,2.62
2025-04-07,2025,4,7,Monday,100,65,35,65.0,92,12:00,14:00,35,17506.48,11906.21,2802.8,2797.47,1.78
2025-04-08,2025,4,8,Tuesday,100,72,28,72.0,136,08:00,10:00,36,21599.78,11309.11,0,10290.67,5.32
2025-04-09,2025,4,9,Wednesday,100,70,30,70.0,117,17:00,20:00,41,29471.78,10929.55,0,18542.23,3.99
2025-04-10,2025,4,10,Thursday,100,70,30,70.0,133,12:00,14:00,39,30746.0,10992.4,0,19753.6,4.44
2025-04-11,2025,4,11,Friday,100,54,46,54.0,79,08:00,10:00,21,15885.58,9669.73,0,6215.85,1.31
2025-04-12,2025,4,12,Saturday,100,96,4,96.0,158,17:00,20:00,46,41771.29,12725.39,0,29045.9,4.59
2025-04-13,2025,4,13,Sunday,100,79,21,79.0,113,17:00,20:00,38,23768.2,11082.08,0,12686.12,2.34
2025-04-14,2025,4,14,Monday,100,69,31,69.0,145,12:00,14:00,40,33847.45,11297.4,5820.78,16729.27,3.36
2025-04-15,2025,4,15,Tuesday,100,60,40,60.0,77,17:00,20:00,21,12892.31,10719.87,0,2172.44,4.76
2025-04-16,2025,4,16,Wednesday,100,75,25,75.0,153,08:00,10:00,61,39106.1,11486.47,0,27619.63,4.67
2025-04-17,2025,4,17,Thursday,100,56,44,56.0,113,08:00,10:00,40,22479.57,10673.72,0,11805.85,4.43
2025-04-18,2025,4,18,Friday,100,67,33,67.0,121,12:00,14:00,45,19842.27,11695.36,0,8146.91,5.12
2025-04-19,2025,4,19,Saturday,100,79,21,79.0,146,08:00,10:00,41,34759.21,11212.87,0,23546.34,5.82
2025-04-20,2025,4,20,Sunday,100,77,23,77.0,162,17:00,20:00,60,33073.94,11898.98,0,21174.96,3.63
2025-04-21,2025,4,21,Monday,100,68,32,68.0,128,08:00,10:00,36,33426.9,10689.31,0,22737.59,5.26
2025-04-22,2025,4,22,Tuesday,100,72,28,72.0,152,17:00,20:00,49,30079.5,11784.09,0,18295.41,4.33
2025-04-23,2025,4,23,Wednesday,100,71,29,71.0,106,17:00,20:00,27,19255.29,10983.58,0,8271.71,1.78
2025-04-24,2025,4,24,Thursday,100,78,22,78.0,170,12:00,14:00,62,27320.93,11874.88,0,15446.05,4.81
2025-04-25,2025,4,25,Friday,100,62,38,62.0,121,08:00,10:00,39,21796.02,10883.01,2085.77,8827.24,1.12
2025-04-26,2025,4,26,Saturday,100,85,15,85.0,142,17:00,20:00,50,33835.1,11109.15,0,22725.95,4.84
2025-04-27,2025,4,27,Sunday,100,80,20,80.0,112,17:00,20:00,43,21966.19,12278.7,0,9687.49,3.54
2025-04-28,2025,4,28,Monday,100,65,35,65.0,120,12:00,14:00,48,19044.18,11469.83,0,7574.35,2.7
2025-04-29,2025,4,29,Tuesday,100,62,38,62.0,137,17:00,20:00,37,27326.52,11612.4,0,15714.12,3.81
2025-04-30,2025,4,30,Wednesday,100,64,36,64.0,131,08:00,10:00,47,34077.5,10405.76,3275.44,20396.3,3.36
2025-05-01,2025,5,1,Thursday,100,97,3,97.0,165,17:00,20:00,53,31495.15,12773.71,9475.39,9246.05,3.46
2025-05-02,2025,5,2,Friday,100,64,36,64.0,137,12:00,14:00,48,27951.39,11115.3,0,16836.09,2.75
2025-05-03,2025,5,3,Saturday,100,83,17,83.0,171,12:00,14:00,43,33768.46,10957.66,0,22810.8,3.01
2025-05-04,2025,5,4,Sunday,100,78,22,78.0,132,08:00,10:00,45,33896.61,12293.86,0,21602.75,3.49
2025-05-05,2025,5,5,Monday,100,66,34,66.0,107,12:00,14:00,39,17300.74,10741.3,0,6559.44,2.91
2025-05-06,2025,5,6,Tuesday,100,56,44,56.0,96,08:00,10:00,29,23084.36,10643.14,2342.15,10099.07,2.55
2025-05-07,2025,5,7,Wednesday,100,58,42,58.0,95,12:00,14:00,29,21920.62,10849.57,4643.11,6427.94,4.75
2025-05-08,2025,5,8,Thursday,100,67,33,67.0,84,08:00,10:00,21,16749.71,10759.27,0,5990.44,2.82
2025-05-09,2025,5,9,Friday,100,59,41,59.0,77,08:00,10:00,28,14719.86,10099.62,0,4620.24,4.0
2025-05-10,2025,5,10,Saturday,100,82,18,82.0,127,17:00,20:00,40,24456.82,12133.17,0,12323.65,2.29
2025-05-11,2025,5,11,Sunday,100,88,12,88.0,149,08:00,10:00,42,25155.46,11458.35,0,13697.11,4.08
2025-05-12,2025,5,12,Monday,100,66,34,66.0,119,17:00,20:00,32,23016.55,10386.92,5769.92,6859.71,2.91
2025-05-13,2025,5,13,Tuesday,100,69,31,69.0,109,08:00,10:00,37,18277.87,10741.68,0,7536.19,3.87
2025-05-14,2025,5,14,Wednesday,100,68,32,68.0,122,12:00,14:00,33,29387.28,12583.77,4013.98,12789.53,3.56
2025-05-15,2025,5,15,Thursday,100,57,43,57.0,110,17:00,20:00,36,17766.78,10371.42,0,7395.36,2.76
2025-05-16,2025,5,16,Friday,100,63,37,63.0,129,08:00,10:00,41,30521.69,10442.05,0,20079.64,1.2
2025-05-17,2025,5,17,Saturday,100,79,21,79.0,128,12:00,14:00,36,31030.22,12754.67,0,18275.55,5.55
2025-05-18,2025,5,18,Sunday,100,74,26,74.0,109,12:00,14:00,32,20747.21,11603.94,0,9143.27,5.98
2025-05-19,2025,5,19,Monday,100,64,36,64.0,112,08:00,10:00,35,27061.78,11328.95,0,15732.83,1.95
2025-05-20,2025,5,20,Tuesday,100,64,36,64.0,115,12:00,14:00,35,23161.94,11145.52,0,12016.42,5.34
2025-05-21,2025,5,21,Wednesday,100,69,31,69.0,124,17:00,20:00,32,29399.97,10758.85,0,18641.12,2.83
2025-05-22,2025,5,22,Thursday,100,60,40,60.0,88,12:00,14:00,34,22781.69,10934.79,0,11846.9,3.15
2025-05-23,2025,5,23,Friday,100,61,39,61.0,122,08:00,10:00,45,22115.61,9830.01,0,12285.6,4.84
2025-05-24,2025,5,24,Saturday,100,76,24,76.0,123,08:00,10:00,33,30462.07,12252.37,0,18209.7,6.37
2025-05-25,2025,5,25,Sunday,100,79,21,79.0,119,12:00,14:00,38,21503.0,12224.69,5698.06,3580.25,5.57
2025-05-26,2025,5,26,Monday,100,66,34,66.0,138,12:00,14:00,35,35372.03,11033.09,0,24338.94,2.95
2025-05-27,2025,5,27,Tuesday,100,60,40,60.0,113,12:00,14:00,30,23456.91,11092.02,0,12364.89,3.4
2025-05-28,2025,5,28,Wednesday,100,66,34,66.0,104,12:00,14:00,41,25665.51,10760.02,0,14905.49,2.68
2025-05-29,2025,5,29,Thursday,100,58,42,58.0,112,12:00,14:00,33,28832.62,11183.44,0,17649.18,3.89
2025-05-30,2025,5,30,Friday,100,64,36,64.0,119,08:00,10:00,32,23709.11,11085.4,4934.24,7689.47,2.8
2025-05-31,2025,5,31,Saturday,100,85,15,85.0,193,17:00,20:00,70,29737.91,11971.54,0,17766.37,5.43
2025-06-01,2025,6,1,Sunday,100,80,20,80.0,116,12:00,14:00,38,30708.94,12460.19,13577.22,4671.53,3.75
2025-06-02,2025,6,2,Monday,100,64,36,64.0,93,08:00,10:00,36,22313.95,11279.08,0,11034.87,2.6
2025-06-03,2025,6,3,Tuesday,100,76,24,76.0,121,08:00,10:00,33,30946.65,11605.05,0,19341.6,2.39
2025-06-04,2025,6,4,Wednesday,100,55,45,55.0,110,08:00,10:00,40,20227.71,10072.84,0,10154.87,2.68
2025-06-05,2025,6,5,Thursday,100,67,33,67.0,132,08:00,10:00,41,28726.89,10106.61,0,18620.28,3.43
2025-06-06,2025,6,6,Friday,100,73,27,73.0,162,08:00,10:00,50,38961.64,11080.85,0,27880.79,3.47
2025-06-07,2025,6,7,Saturday,100,83,17,83.0,122,17:00,20:00,46,22507.22,12314.24,2994.81,7198.17,2.74
2025-06-08,2025,6,8,Sunday,100,92,8,92.0,156,17:00,20:00,58,25043.92,10954.42,0,14089.5,3.25
2025-06-09,2025,6,9,Monday,100,75,25,75.0,148,08:00,10:00,53,27240.16,10647.17,0,16592.99,1.08
2025-06-10,2025,6,10,Tuesday,100,68,32,68.0,138,08:00,10:00,47,27577.04,11617.07,0,15959.97,1.29
2025-06-11,2025,6,11,Wednesday,100,67,33,67.0,106,12:00,14:00,34,19875.49,11320.86,0,8554.63,3.5
2025-06-12,2025,6,12,Thursday,100,68,32,68.0,120,08:00,10:00,37,25810.43,10982.98,0,14827.45,3.24
2025-06-13,2025,6,13,Friday,100,65,35,65.0,103,08:00,10:00,35,17172.78,10921.12,0,6251.66,1.92
2025-06-14,2025,6,14,Saturday,100,81,19,81.0,154,17:00,20:00,44,36890.8,11249.65,0,25641.15,5.4
2025-06-15,2025,6,15,Sunday,100,99,1,99.0,147,12:00,14:00,49,35583.99,13394.62,0,22189.37,5.39
2025-06-16,2025,6,16,Monday,100,80,20,80.0,98,08:00,10:00,35,19813.75,11057.25,0,8756.5,4.8
2025-06-17,2025,6,17,Tuesday,100,77,23,77.0,141,12:00,14:00,46,24406.51,11488.75,0,12917.76,4.39
2025-06-18,2025,6,18,Wednesday,100,71,29,71.0,110,17:00,20:00,37,19220.17,11698.58,4077.52,3444.07,1.81
2025-06-19,2025,6,19,Thursday,100,54,46,54.0,118,12:00,14:00,45,20086.92,11096.47,0,8990.45,3.4
2025-06-20,2025,6,20,Friday,100,69,31,69.0,133,08:00,10:00,35,27256.97,11185.0,0,16071.97,3.67
2025-06-21,2025,6,21,Saturday,100,87,13,87.0,193,12:00,14:00,72,48431.56,11360.77,0,37070.79,4.53
2025-06-22,2025,6,22,Sunday,100,83,17,83.0,150,08:00,10:00,42,26433.85,10687.91,0,15745.94,3.76
2025-06-23,2025,6,23,Monday,100,69,31,69.0,100,17:00,20:00,38,23134.12,10834.64,0,12299.48,4.34
2025-06-24,2025,6,24,Tuesday,100,65,35,65.0,110,08:00,10:00,29,28817.41,11022.05,4001.5,13793.86,2.12
2025-06-25,2025,6,25,Wednesday,100,63,37,63.0,102,12:00,14:00,30,21894.71,11727.45,0,10167.26,4.21
2025-06-26,2025,6,26,Thursday,100,65,35,65.0,108,12:00,14:00,40,25116.01,10801.75,0,14314.26,4.98
2025-06-27,2025,6,27,Friday,100,69,31,69.0,111,12:00,14:00,42,28534.85,11830.89,0,16703.96,2.87
2025-06-28,2025,6,28,Saturday,100,85,15,85.0,134,08:00,10:00,41,25068.76,12241.77,0,12826.99,4.14
2025-06-29,2025,6,29,Sunday,100,95,5,95.0,147,08:00,10:00,49,23779.49,11961.84,0,11817.65,4.19
2025-06-30,2025,6,30,Monday,100,75,25,75.0,146,08:00,10:00,37,36942.32,11839.08,5336.26,19766.98,1.86
2025-07-01,2025,7,1,Tuesday,100,59,41,59.0,96,17:00,20:00,28,24145.76,10712.86,14284.16,-851.26,2.57
2025-07-02,2025,7,2,Wednesday,100,78,22,78.0,126,08:00,10:00,44,25659.59,11004.09,0,14655.5,4.89
2025-07-03,2025,7,3,Thursday,100,74,26,74.0,117,08:00,10:00,38,20754.96,12069.94,0,8685.02,1.98
2025-07-04,2025,7,4,Friday,100,57,43,57.0,81,17:00,20:00,21,20858.3,9920.22,0,10938.08,4.95
2025-07-05,2025,7,5,Saturday,100,87,13,87.0,139,08:00,10:00,50,25828.45,12321.75,0,13506.7,2.92
2025-07-06,2025,7,6,Sunday,100,95,5,95.0,141,08:00,10:00,42,25539.83,13114.67,0,12425.16,4.48
2025-07-07,2025,7,7,Monday,100,73,27,73.0,121,12:00,14:00,40,30125.72,11182.15,0,18943.57,3.53
2025-07-08,2025,7,8,Tuesday,100,70,30,70.0,120,17:00,20:00,44,21641.13,11411.88,0,10229.25,3.09
2025-07-09,2025,7,9,Wednesday,100,69,31,69.0,109,17:00,20:00,36,24698.58,10888.73,0,13809.85,4.2
2025-07-10,2025,7,10,Thursday,100,77,23,77.0,145,17:00,20:00,36,29267.86,12228.77,0,17039.09,2.54
2025-07-11,2025,7,11,Friday,100,58,42,58.0,96,12:00,14:00,33,22494.67,10598.71,0,11895.96,3.33
2025-07-12,2025,7,12,Saturday,100,84,16,84.0,179,17:00,20:00,65,45558.14,11759.42,4372.3,29426.42,2.42
2025-07-13,2025,7,13,Sunday,100,89,11,89.0,167,17:00,20:00,55,43594.8,11089.64,0,32505.16,5.93
2025-07-14,2025,7,14,Monday,100,64,36,64.0,137,12:00,14:00,38,21140.78,11331.29,0,9809.49,5.05
2025-07-15,2025,7,15,Tuesday,100,59,41,59.0,88,12:00,14:00,32,13785.67,9897.21,5651.33,-1762.87,4.08
2025-07-16,2025,7,16,Wednesday,100,73,27,73.0,138,08:00,10:00,37,32935.24,12129.18,0,20806.06,4.66
2025-07-17,2025,7,17,Thursday,100,62,38,62.0,96,12:00,14:00,38,15564.37,10417.42,0,5146.95,5.08
2025-07-18,2025,7,18,Friday,100,60,40,60.0,122,12:00,14:00,33,21391.28,10389.23,2602.99,8399.06,3.11
2025-07-19,2025,7,19,Saturday,100,83,17,83.0,122,17:00,20:00,34,24608.64,11177.38,0,13431.26,2.65
2025-07-20,2025,7,20,Sunday,100,93,7,93.0,115,12:00,14:00,39,23147.48,12453.7,3211.82,7481.96,3.46
2025-07-21,2025,7,21,Monday,100,63,37,63.0,122,12:00,14:00,37,25306.77,10531.36,0,14775.41,4.02
2025-07-22,2025,7,22,Tuesday,100,61,39,61.0,93,08:00,10:00,36,20559.65,11080.35,0,9479.3,3.03
2025-07-23,2025,7,23,Wednesday,100,80,20,80.0,140,08:00,10:00,48,27565.56,11886.91,0,15678.65,2.15
2025-07-24,2025,7,24,Thursday,100,67,33,67.0,107,12:00,14:00,36,20807.94,11335.92,0,9472.02,2.13
2025-07-25,2025,7,25,Friday,100,72,28,72.0,156,08:00,10:00,50,35030.92,12327.57,0,22703.35,3.1
2025-07-26,2025,7,26,Saturday,100,91,9,91.0,133,17:00,20:00,46,33825.48,13573.81,0,20251.67,4.03
2025-07-27,2025,7,27,Sunday,100,83,17,83.0,166,17:00,20:00,60,27541.79,12612.85,0,14928.94,4.59
2025-07-28,2025,7,28,Monday,100,58,42,58.0,109,08:00,10:00,37,19774.16,10276.69,4685.76,4811.71,3.74
2025-07-29,2025,7,29,Tuesday,100,76,24,76.0,113,12:00,14:00,29,22777.09,10400.65,0,12376.44,1.41
2025-07-30,2025,7,30,Wednesday,100,69,31,69.0,111,12:00,14:00,40,24864.24,10686.11,5719.49,8458.64,1.34
2025-07-31,2025,7,31,Thursday,100,65,35,65.0,114,12:00,14:00,41,20578.86,11147.13,0,9431.73,5.45
2025-08-01,2025,8,1,Friday,100,63,37,63.0,97,08:00,10:00,39,19121.97,10568.75,12094.56,-3541.34,3.93
2025-08-02,2025,8,2,Saturday,100,80,20,80.0,157,17:00,20:00,46,37594.0,11116.02,0,26477.98,2.82
2025-08-03,2025,8,3,Sunday,100,90,10,90.0,178,08:00,10:00,49,43106.64,11451.98,0,31654.66,6.37
2025-08-04,2025,8,4,Monday,100,66,34,66.0,132,12:00,14:00,47,29814.87,10763.24,0,19051.63,3.44
2025-08-05,2025,8,5,Tuesday,100,57,43,57.0,99,17:00,20:00,27,18659.29,10196.04,3533.41,4929.84,4.15
2025-08-06,2025,8,6,Wednesday,100,74,26,74.0,138,12:00,14:00,37,31219.83,11396.36,4439.25,15384.22,1.45
2025-08-07,2025,8,7,Thursday,100,62,38,62.0,128,08:00,10:00,44,30986.48,11036.44,0,19950.04,3.6
2025-08-08,2025,8,8,Friday,100,71,29,71.0,150,17:00,20:00,45,28346.74,10560.67,0,17786.07,3.33
2025-08-09,2025,8,9,Saturday,100,86,14,86.0,151,17:00,20:00,56,37780.11,12588.76,0,25191.35,3.01
2025-08-10,2025,8,10,Sunday,100,95,5,95.0,199,17:00,20:00,75,32427.67,11786.73,0,20640.94,4.94
2025-08-11,2025,8,11,Monday,100,67,33,67.0,116,12:00,14:00,34,23405.21,11063.75,0,12341.46,4.38
2025-08-12,2025,8,12,Tuesday,100,58,42,58.0,84,17:00,20:00,31,18742.86,10574.45,0,8168.41,5.48
2025-08-13,2025,8,13,Wednesday,100,69,31,69.0,92,12:00,14:00,24,23689.29,10736.97,0,12952.32,3.07
2025-08-14,2025,8,14,Thursday,100,94,6,94.0,147,08:00,10:00,40,35829.32,12507.49,0,23321.83,5.59
2025-08-15,2025,8,15,Friday,100,73,27,73.0,132,12:00,14:00,39,31538.19,10691.27,0,20846.92,2.7
2025-08-16,2025,8,16,Saturday,100,91,9,91.0,125,08:00,10:00,38,27025.47,11488.54,0,15536.93,5.17
2025-08-17,2025,8,17,Sunday,100,80,20,80.0,139,12:00,14:00,54,31891.31,11279.49,0,20611.82,6.32
2025-08-18,2025,8,18,Monday,100,65,35,65.0,101,08:00,10:00,37,24734.59,10097.46,0,14637.13,5.03
2025-08-19,2025,8,19,Tuesday,100,74,26,74.0,124,08:00,10:00,35,28458.71,10682.67,0,17776.04,5.44
2025-08-20,2025,8,20,Wednesday,100,72,28,72.0,94,12:00,14:00,30,20206.62,11957.07,2913.36,5336.19,5.01
2025-08-21,2025,8,21,Thursday,100,75,25,75.0,128,08:00,10:00,46,30607.06,12155.62,0,18451.44,2.6
2025-08-22,2025,8,22,Friday,100,61,39,61.0,101,12:00,14:00,37,19451.19,10467.81,0,8983.38,1.98
2025-08-23,2025,8,23,Saturday,100,79,21,79.0,120,08:00,10:00,38,30976.0,11214.51,0,19761.49,4.65
2025-08-24,2025,8,24,Sunday,100,86,14,86.0,170,17:00,20:00,55,29794.54,12135.92,0,17658.62,3.42
2025-08-25,2025,8,25,Monday,100,67,33,67.0,112,12:00,14:00,44,29215.66,11106.66,2715.18,15393.82,4.49
2025-08-26,2025,8,26,Tuesday,100,67,33,67.0,137,08:00,10:00,48,33572.74,10520.0,0,23052.74,3.04
2025-08-27,2025,8,27,Wednesday,100,65,35,65.0,102,12:00,14:00,34,17625.74,11402.24,0,6223.5,3.58
2025-08-28,2025,8,28,Thursday,100,65,35,65.0,118,12:00,14:00,37,27753.63,11137.92,0,16615.71,1.85
2025-08-29,2025,8,29,Friday,100,65,35,65.0,132,12:00,14:00,41,26224.02,10615.42,0,15608.6,4.53
2025-08-30,2025,8,30,Saturday,100,90,10,90.0,143,17:00,20:00,40,32745.35,12961.94,3302.74,16480.67,4.79
2025-08-31,2025,8,31,Sunday,100,87,13,87.0,156,17:00,20:00,41,28466.46,11818.95,0,16647.51,5.29
2025-09-01,2025,9,1,Monday,100,51,49,51.0,107,08:00,10:00,43,23377.74,9637.2,14465.24,-724.7,2.26
2025-09-02,2025,9,2,Tuesday,100,70,30,70.0,118,12:00,14:00,37,20303.71,10908.19,0,9395.52,2.93
2025-09-03,2025,9,3,Wednesday,100,55,45,55.0,97,17:00,20:00,34,16785.2,10728.64,0,6056.56,4.65
2025-09-04,2025,9,4,Thursday,100,51,49,51.0,78,12:00,14:00,25,15207.17,10486.39,0,4720.78,2.56
2025-09-05,2025,9,5,Friday,100,59,41,59.0,115,12:00,14:00,43,18893.35,9599.43,0,9293.92,4.6
2025-09-06,2025,9,6,Saturday,100,99,1,99.0,159,12:00,14:00,41,29802.98,12704.42,0,17098.56,6.5
2025-09-07,2025,9,7,Sunday,100,93,7,93.0,178,17:00,20:00,65,42744.66,11180.28,2608.82,28955.56,4.01
2025-09-08,2025,9,8,Monday,100,66,34,66.0,119,12:00,14:00,43,31204.81,10725.92,0,20478.89,1.98
2025-09-09,2025,9,9,Tuesday,100,64,36,64.0,103,08:00,10:00,36,19867.67,11140.69,0,8726.98,4.68
2025-09-10,2025,9,10,Wednesday,100,61,39,61.0,83,08:00,10:00,25,14086.96,11439.07,0,2647.89,5.36
2025-09-11,2025,9,11,Thursday,100,61,39,61.0,96,08:00,10:00,28,19484.19,11334.75,0,8149.44,5.29
2025-09-12,2025,9,12,Friday,100,66,34,66.0,141,08:00,10:00,54,35022.82,10190.01,4360.87,20471.94,2.07
2025-09-13,2025,9,13,Saturday,100,88,12,88.0,159,17:00,20:00,44,28800.04,11764.39,0,17035.65,4.03
2025-09-14,2025,9,14,Sunday,100,92,8,92.0,149,12:00,14:00,40,30580.14,12218.5,0,18361.64,4.29
2025-09-15,2025,9,15,Monday,100,62,38,62.0,135,12:00,14:00,38,31441.31,11212.75,0,20228.56,4.38
2025-09-16,2025,9,16,Tuesday,100,64,36,64.0,131,08:00,10:00,33,27698.16,11233.32,0,16464.84,5.06
2025-09-17,2025,9,17,Wednesday,100,60,40,60.0,96,08:00,10:00,26,25172.67,11060.63,0,14112.04,4.47
2025-09-18,2025,9,18,Thursday,100,67,33,67.0,112,08:00,10:00,42,25011.33,10712.51,0,14298.82,5.05
2025-09-19,2025,9,19,Friday,100,65,35,65.0,106,12:00,14:00,35,18271.09,12189.61,0,6081.48,5.86
2025-09-20,2025,9,20,Saturday,100,75,25,75.0,159,12:00,14:00,60,38607.22,11526.0,0,27081.22,4.99
2025-09-21,2025,9,21,Sunday,100,76,24,76.0,153,12:00,14:00,55,38001.05,11484.48,0,26516.57,5.66
2025-09-22,2025,9,22,Monday,100,63,37,63.0,90,12:00,14:00,26,16807.58,10502.24,0,6305.34,3.26
2025-09-23,2025,9,23,Tuesday,100,52,48,52.0,98,08:00,10:00,31,22454.65,11429.39,0,11025.26,4.17
2025-09-24,2025,9,24,Wednesday,100,68,32,68.0,76,12:00,14:00,29,14121.11,9807.84,0,4313.27,4.09
2025-09-25,2025,9,25,Thursday,100,66,34,66.0,107,08:00,10:00,37,23057.43,10757.7,0,12299.73,4.81
2025-09-26,2025,9,26,Friday,100,65,35,65.0,140,12:00,14:00,45,23395.73,11224.98,0,12170.75,4.59
2025-09-27,2025,9,27,Saturday,100,84,16,84.0,126,12:00,14:00,34,27375.32,12294.52,0,15080.8,6.67
2025-09-28,2025,9,28,Sunday,100,85,15,85.0,173,17:00,20:00,57,29731.65,12451.13,4403.75,12876.77,3.58
2025-09-29,2025,9,29,Monday,100,68,32,68.0,133,08:00,10:00,38,34603.7,11035.25,0,23568.45,5.04
2025-09-30,2025,9,30,Tuesday,100,65,35,65.0,138,12:00,14:00,54,27748.56,10636.56,5603.83,11508.17,5.33
2025-10-01,2025,10,1,Wednesday,100,68,32,68.0,93,17:00,20:00,23,17329.64,11169.84,8414.56,-2254.76,2.95
2025-10-02,2025,10,2,Thursday,100,70,30,70.0,146,17:00,20:00,57,26739.25,11202.19,0,15537.06,1.91
2025-10-03,2025,10,3,Friday,100,68,32,68.0,142,08:00,10:00,51,36666.89,10744.9,0,25921.99,3.6
2025-10-04,2025,10,4,Saturday,100,74,26,74.0,147,17:00,20:00,42,30154.78,11257.56,0,18897.22,3.76
2025-10-05,2025,10,5,Sunday,100,79,21,79.0,145,17:00,20:00,39,30146.58,11957.5,0,18189.08,2.9
2025-10-06,2025,10,6,Monday,100,80,20,80.0,158,12:00,14:00,48,39821.85,12444.36,0,27377.49,1.85
2025-10-07,2025,10,7,Tuesday,100,64,36,64.0,116,17:00,20:00,40,22406.67,10531.54,5223.97,6651.16,2.51
2025-10-08,2025,10,8,Wednesday,100,55,45,55.0,105,08:00,10:00,39,24589.37,10588.19,0,14001.18,3.29
2025-10-09,2025,10,9,Thursday,100,57,43,57.0,111,17:00,20:00,37,18845.2,10102.83,0,8742.37,4.19
2025-10-10,2025,10,10,Friday,100,63,37,63.0,117,12:00,14:00,37,29182.54,10875.85,0,18306.69,3.71
2025-10-11,2025,10,11,Saturday,100,89,11,89.0,119,17:00,20:00,32,31113.15,12546.9,0,18566.25,3.69
2025-10-12,2025,10,12,Sunday,100,85,15,85.0,144,08:00,10:00,46,38133.64,12454.19,0,25679.45,5.59
2025-10-13,2025,10,13,Monday,100,62,38,62.0,116,08:00,10:00,38,19182.66,11102.29,0,8080.37,4.08
2025-10-14,2025,10,14,Tuesday,100,71,29,71.0,138,08:00,10:00,45,24284.6,10787.11,0,13497.49,4.81
2025-10-15,2025,10,15,Wednesday,100,63,37,63.0,88,08:00,10:00,30,22810.28,10927.07,0,11883.21,3.6
2025-10-16,2025,10,16,Thursday,100,65,35,65.0,127,17:00,20:00,44,31541.68,10619.92,0,20921.76,2.04
2025-10-17,2025,10,17,Friday,100,74,26,74.0,153,08:00,10:00,51,25443.33,11610.67,0,13832.66,5.57
2025-10-18,2025,10,18,Saturday,100,85,15,85.0,164,12:00,14:00,63,33706.88,10997.42,0,22709.46,5.18
2025-10-19,2025,10,19,Sunday,100,74,26,74.0,165,08:00,10:00,46,34961.07,11684.38,0,23276.69,5.16
2025-10-20,2025,10,20,Monday,100,74,26,74.0,113,08:00,10:00,44,29353.78,11274.15,0,18079.63,2.45
2025-10-21,2025,10,21,Tuesday,100,60,40,60.0,130,12:00,14:00,42,26914.71,10688.75,4808.58,11417.38,5.11
2025-10-22,2025,10,22,Wednesday,100,65,35,65.0,97,17:00,20:00,31,20011.02,10422.48,0,9588.54,3.73
2025-10-23,2025,10,23,Thursday,100,68,32,68.0,143,08:00,10:00,50,23365.12,11612.56,0,11752.56,3.73
2025-10-24,2025,10,24,Friday,100,54,46,54.0,80,08:00,10:00,28,15422.01,10277.74,0,5144.27,5.82
2025-10-25,2025,10,25,Saturday,100,86,14,86.0,169,12:00,14:00,42,37799.05,12229.4,0,25569.65,3.32
2025-10-26,2025,10,26,Sunday,100,78,22,78.0,117,17:00,20:00,43,31366.34,11212.91,0,20153.43,2.65
2025-10-27,2025,10,27,Monday,100,70,30,70.0,149,08:00,10:00,46,34392.11,11162.18,0,23229.93,3.38
2025-10-28,2025,10,28,Tuesday,100,63,37,63.0,99,08:00,10:00,30,22438.25,10966.55,2243.6,9228.1,3.86
2025-10-29,2025,10,29,Wednesday,100,62,38,62.0,79,17:00,20:00,20,15319.33,10897.47,0,4421.86,5.2
2025-10-30,2025,10,30,Thursday,100,66,34,66.0,103,08:00,10:00,31,26280.49,10536.52,0,15743.97,4.6
2025-10-31,2025,10,31,Friday,100,64,36,64.0,124,12:00,14:00,43,32267.33,11765.26,0,20502.07,2.41
2025-11-01,2025,11,1,Saturday,100,93,7,93.0,129,08:00,10:00,36,22696.22,11460.52,13488.44,-2252.74,6.4
2025-11-02,2025,11,2,Sunday,100,95,5,95.0,143,08:00,10:00,56,30457.83,12199.26,0,18258.57,6.05
2025-11-03,2025,11,3,Monday,100,86,14,86.0,173,08:00,10:00,57,39457.62,11587.75,0,27869.87,4.36
2025-11-04,2025,11,4,Tuesday,100,75,25,75.0,103,12:00,14:00,30,23358.65,10842.46,0,12516.19,3.77
2025-11-05,2025,11,5,Wednesday,100,74,26,74.0,160,12:00,14:00,59,37165.94,10894.37,0,26271.57,4.41
2025-11-06,2025,11,6,Thursday,100,75,25,75.0,117,08:00,10:00,30,30794.38,10609.34,0,20185.04,4.86
2025-11-07,2025,11,7,Friday,100,77,23,77.0,106,08:00,10:00,38,27187.49,12527.31,0,14660.18,4.06
2025-11-08,2025,11,8,Saturday,100,88,12,88.0,163,08:00,10:00,50,41368.41,11954.5,0,29413.91,6.19
2025-11-09,2025,11,9,Sunday,100,99,1,99.0,161,17:00,20:00,41,31620.41,13020.6,0,18599.81,5.63
2025-11-10,2025,11,10,Monday,100,82,18,82.0,174,12:00,14:00,67,34594.02,11807.25,5266.9,17519.87,3.86
2025-11-11,2025,11,11,Tuesday,100,71,29,71.0,113,12:00,14:00,36,25869.45,11874.9,0,13994.55,2.19
2025-11-12,2025,11,12,Wednesday,100,74,26,74.0,145,17:00,20:00,52,33575.09,11157.69,0,22417.4,2.9
2025-11-13,2025,11,13,Thursday,100,81,19,81.0,109,17:00,20:00,31,23231.76,11674.58,0,11557.18,2.29
2025-11-14,2025,11,14,Friday,100,79,21,79.0,111,12:00,14:00,35,19355.23,11297.88,0,8057.35,4.37
2025-11-15,2025,11,15,Saturday,100,96,4,96.0,125,08:00,10:00,47,23084.49,12330.42,0,10754.07,3.05
2025-11-16,2025,11,16,Sunday,100,95,5,95.0,141,08:00,10:00,49,29296.34,11466.59,0,17829.75,3.51
2025-11-17,2025,11,17,Monday,100,73,27,73.0,101,08:00,10:00,33,16296.17,11575.61,0,4720.56,4.31
2025-11-18,2025,11,18,Tuesday,100,78,22,78.0,106,08:00,10:00,36,26932.8,10727.36,5748.84,10456.6,4.06
2025-11-19,2025,11,19,Wednesday,100,76,24,76.0,136,12:00,14:00,48,30356.24,11515.17,0,18841.07,3.5
2025-11-20,2025,11,20,Thursday,100,81,19,81.0,124,12:00,14:00,49,24692.32,11074.7,0,13617.62,1.76
2025-11-21,2025,11,21,Friday,100,69,31,69.0,125,08:00,10:00,39,31024.33,11440.31,3809.25,15774.77,5.46
2025-11-22,2025,11,22,Saturday,100,91,9,91.0,174,08:00,10:00,57,31990.5,12678.8,0,19311.7,3.8
2025-11-23,2025,11,23,Sunday,100,84,16,84.0,171,12:00,14:00,51,33987.62,11230.47,0,22757.15,4.34
2025-11-24,2025,11,24,Monday,100,80,20,80.0,172,12:00,14:00,67,35137.54,10943.08,0,24194.46,2.97
2025-11-25,2025,11,25,Tuesday,100,99,1,99.0,136,12:00,14:00,50,27940.14,12499.98,0,15440.16,3.15
2025-11-26,2025,11,26,Wednesday,100,86,14,86.0,166,17:00,20:00,58,40009.55,11088.94,0,28920.61,2.68
2025-11-27,2025,11,27,Thursday,100,81,19,81.0,114,08:00,10:00,43,22814.81,11940.99,0,10873.82,1.9
2025-11-28,2025,11,28,Friday,100,74,26,74.0,115,17:00,20:00,32,19811.77,10805.34,5933.21,3073.22,4.1
2025-11-29,2025,11,29,Saturday,100,99,1,99.0,180,08:00,10:00,57,42848.31,12086.08,0,30762.23,4.97
2025-11-30,2025,11,30,Sunday,100,99,1,99.0,168,17:00,20:00,53,26699.75,12643.1,5545.96,8510.69,3.0
2025-12-01,2025,12,1,Monday,100,99,1,99.0,167,08:00,10:00,67,46772.64,13165.66,10482.98,23124.0,6.36
2025-12-02,2025,12,2,Tuesday,100,70,30,70.0,128,17:00,20:00,39,23569.82,11878.73,0,11691.09,5.09
2025-12-03,2025,12,3,Wednesday,100,82,18,82.0,130,12:00,14:00,41,21165.02,11997.54,0,9167.48,1.66
2025-12-04,2025,12,4,Thursday,100,88,12,88.0,107,12:00,14:00,32,19393.39,11683.31,0,7710.08,2.62
2025-12-05,2025,12,5,Friday,100,82,18,82.0,155,12:00,14:00,47,40395.32,11540.21,0,28855.11,5.19
2025-12-06,2025,12,6,Saturday,100,99,1,99.0,161,17:00,20:00,43,39859.19,11935.89,0,27923.3,4.92
2025-12-07,2025,12,7,Sunday,100,96,4,96.0,133,17:00,20:00,48,26319.59,10819.13,0,15500.46,4.64
2025-12-08,2025,12,8,Monday,100,74,26,74.0,143,08:00,10:00,39,36962.13,10838.6,0,26123.53,4.54
2025-12-09,2025,12,9,Tuesday,100,78,22,78.0,109,08:00,10:00,36,22789.49,12119.4,0,10670.09,4.31
2025-12-10,2025,12,10,Wednesday,100,68,32,68.0,110,12:00,14:00,29,28957.02,11401.37,4811.47,12744.18,1.71
2025-12-11,2025,12,11,Thursday,100,80,20,80.0,179,08:00,10:00,62,39489.42,11540.85,0,27948.57,4.75
2025-12-12,2025,12,12,Friday,100,69,31,69.0,148,08:00,10:00,54,23834.88,10845.32,2319.81,10669.75,4.14
2025-12-13,2025,12,13,Saturday,100,96,4,96.0,188,08:00,10:00,64,48160.69,12619.38,0,35541.31,5.31
2025-12-14,2025,12,14,Sunday,100,94,6,94.0,195,12:00,14:00,58,40852.14,12715.69,3411.58,24724.87,4.54
2025-12-15,2025,12,15,Monday,100,65,35,65.0,137,17:00,20:00,44,34825.02,10460.79,5493.45,18870.78,4.34
2025-12-16,2025,12,16,Tuesday,100,69,31,69.0,106,08:00,10:00,33,26420.23,10821.32,0,15598.91,3.0
2025-12-17,2025,12,17,Wednesday,100,81,19,81.0,111,08:00,10:00,33,29272.41,10724.47,0,18547.94,3.28
2025-12-18,2025,12,18,Thursday,100,82,18,82.0,151,08:00,10:00,40,39539.76,12095.5,5214.49,22229.77,3.45
2025-12-19,2025,12,19,Friday,100,83,17,83.0,120,12:00,14:00,42,24397.56,11023.92,0,13373.64,5.43
2025-12-20,2025,12,20,Saturday,100,85,15,85.0,125,12:00,14:00,39,22504.11,11551.85,0,10952.26,5.46
2025-12-21,2025,12,21,Sunday,100,89,11,89.0,140,08:00,10:00,38,27062.39,12896.72,0,14165.67,6.15
2025-12-22,2025,12,22,Monday,100,78,22,78.0,170,08:00,10:00,65,33388.48,10903.02,0,22485.46,2.5
2025-12-23,2025,12,23,Tuesday,100,68,32,68.0,140,08:00,10:00,38,34627.79,10536.31,0,24091.48,3.23
2025-12-24,2025,12,24,Wednesday,100,81,19,81.0,132,17:00,20:00,45,28702.51,12271.85,0,16430.66,2.58
2025-12-25,2025,12,25,Thursday,100,99,1,99.0,179,17:00,20:00,51,40669.21,13092.9,0,27576.31,2.29
2025-12-26,2025,12,26,Friday,100,72,28,72.0,92,12:00,14:00,36,16185.31,10899.28,0,5286.03,4.97
2025-12-27,2025,12,27,Saturday,100,92,8,92.0,171,12:00,14:00,58,32468.86,11158.43,0,21310.43,4.06
2025-12-28,2025,12,28,Sunday,100,95,5,95.0,171,17:00,20:00,53,33109.53,11311.08,2157.53,19640.92,4.93
2025-12-29,2025,12,29,Monday,100,76,24,76.0,125,17:00,20:00,34,20850.9,11982.71,0,8868.19,3.01
2025-12-30,2025,12,30,Tuesday,100,69,31,69.0,125,12:00,14:00,41,28318.27,10872.16,2636.24,14809.87,4.06
2025-12-31,2025,12,31,Wednesday,100,99,1,99.0,131,17:00,20:00,33,34526.58,12900.91,0,21625.67,5.95
